timeStamp,elapsed,label,responseCode,responseMessage,threadName,dataType,success,failureMessage,bytes,sentBytes,grpThreads,allThreads,URL,Latency,IdleTime,Connect
1560681685883,2741,Landing page,200,OK,bzm - Arrivals Thread Group - Limitation-ThreadStarter 1-1,text,true,,8551,117,3,3,http://blazedemo.com//,2739,0,2248
1560681686765,2119,Landing page,200,OK,bzm - Arrivals Thread Group - Limitation-ThreadStarter 1-2,text,true,,8551,117,4,4,http://blazedemo.com//,2119,0,1845
1560681687768,1149,Landing page,200,OK,bzm - Arrivals Thread Group - Limitation-ThreadStarter 1-3,text,true,,8550,117,4,4,http://blazedemo.com//,1149,0,843
1560681688769,536,Landing page,200,OK,bzm - Arrivals Thread Group - Limitation-ThreadStarter 1-4,text,true,,8551,117,4,4,http://blazedemo.com//,535,0,258
1560681689766,553,Landing page,200,OK,bzm - Arrivals Thread Group - Limitation-ThreadStarter 1-5,text,true,,8551,117,5,5,http://blazedemo.com//,551,0,267
1560681690768,592,Landing page,200,OK,bzm - Arrivals Thread Group - Limitation-ThreadStarter 1-6,text,true,,8551,117,6,6,http://blazedemo.com//,592,0,269
1560681691766,622,Landing page,200,OK,bzm - Arrivals Thread Group - Limitation-ThreadStarter 1-7,text,true,,8551,117,7,7,http://blazedemo.com//,621,0,292
1560681692767,564,Landing page,200,OK,bzm - Arrivals Thread Group - Limitation-ThreadStarter 1-8,text,true,,8551,117,8,8,http://blazedemo.com//,563,0,277
1560681693763,551,Landing page,200,OK,bzm - Arrivals Thread Group - Limitation-ThreadStarter 1-9,text,true,,8551,117,9,9,http://blazedemo.com//,551,0,267
1560681694767,543,Landing page,200,OK,bzm - Arrivals Thread Group - Limitation-ThreadStarter 1-10,text,true,,8551,117,10,10,http://blazedemo.com//,543,0,257
1560681695768,529,Landing page,200,OK,bzm - Arrivals Thread Group - Limitation-ThreadStarter 1-11,text,true,,8550,117,11,11,http://blazedemo.com//,529,0,260
1560681696765,584,Landing page,200,OK,bzm - Arrivals Thread Group - Limitation-ThreadStarter 1-12,text,true,,8550,117,12,12,http://blazedemo.com//,584,0,287
1560681697766,662,Landing page,200,OK,bzm - Arrivals Thread Group - Limitation-ThreadStarter 1-13,text,true,,8550,117,13,13,http://blazedemo.com//,662,0,354
1560681698765,531,Landing page,200,OK,bzm - Arrivals Thread Group - Limitation-ThreadStarter 1-14,text,true,,8550,117,14,14,http://blazedemo.com//,529,0,258
1560681699766,551,Landing page,200,OK,bzm - Arrivals Thread Group - Limitation-ThreadStarter 1-15,text,true,,8550,117,15,15,http://blazedemo.com//,551,0,271
1560681700768,629,Landing page,200,OK,bzm - Arrivals Thread Group - Limitation-ThreadStarter 1-16,text,true,,8550,117,16,16,http://blazedemo.com//,629,0,289
1560681701767,519,Landing page,200,OK,bzm - Arrivals Thread Group - Limitation-ThreadStarter 1-17,text,true,,8550,117,17,17,http://blazedemo.com//,518,0,251
1560681702768,555,Landing page,200,OK,bzm - Arrivals Thread Group - Limitation-ThreadStarter 1-18,text,true,,8550,117,18,18,http://blazedemo.com//,555,0,272
1560681703766,521,Landing page,200,OK,bzm - Arrivals Thread Group - Limitation-ThreadStarter 1-19,text,true,,8550,117,19,19,http://blazedemo.com//,521,0,260
1560681704765,580,Landing page,200,OK,bzm - Arrivals Thread Group - Limitation-ThreadStarter 1-20,text,true,,8550,117,20,20,http://blazedemo.com//,580,0,269
1560681705763,572,Landing page,200,OK,bzm - Arrivals Thread Group - Limitation-ThreadStarter 1-21,text,true,,8550,117,21,21,http://blazedemo.com//,572,0,294
1560681706764,600,Landing page,200,OK,bzm - Arrivals Thread Group - Limitation-ThreadStarter 1-22,text,true,,8550,117,22,22,http://blazedemo.com//,600,0,303
1560681707767,698,Landing page,200,OK,bzm - Arrivals Thread Group - Limitation-ThreadStarter 1-23,text,true,,8550,117,23,23,http://blazedemo.com//,698,0,278
1560681708764,532,Landing page,200,OK,bzm - Arrivals Thread Group - Limitation-ThreadStarter 1-24,text,true,,8550,117,24,24,http://blazedemo.com//,532,0,250
1560681709764,549,Landing page,200,OK,bzm - Arrivals Thread Group - Limitation-ThreadStarter 1-25,text,true,,8550,117,25,25,http://blazedemo.com//,549,0,258
1560681710769,544,Landing page,200,OK,bzm - Arrivals Thread Group - Limitation-ThreadStarter 1-26,text,true,,8550,117,26,26,http://blazedemo.com//,544,0,267
1560681711764,591,Landing page,200,OK,bzm - Arrivals Thread Group - Limitation-ThreadStarter 1-27,text,true,,8550,117,27,27,http://blazedemo.com//,591,0,281
1560681712763,685,Landing page,200,OK,bzm - Arrivals Thread Group - Limitation-ThreadStarter 1-28,text,true,,8550,117,28,28,http://blazedemo.com//,685,0,261
1560681713763,596,Landing page,200,OK,bzm - Arrivals Thread Group - Limitation-ThreadStarter 1-29,text,true,,8550,117,29,29,http://blazedemo.com//,592,0,275
1560681714768,609,Landing page,200,OK,bzm - Arrivals Thread Group - Limitation-ThreadStarter 1-30,text,true,,8550,117,30,30,http://blazedemo.com//,592,0,301
1560681715763,540,Landing page,200,OK,bzm - Arrivals Thread Group - Limitation-ThreadStarter 1-31,text,true,,8550,117,32,32,http://blazedemo.com//,539,0,266
1560681716263,528,Landing page,200,OK,bzm - Arrivals Thread Group - Limitation-ThreadStarter 1-32,text,true,,8550,117,33,33,http://blazedemo.com//,528,0,258
1560681716764,511,Landing page,200,OK,bzm - Arrivals Thread Group - Limitation-ThreadStarter 1-33,text,true,,8551,117,34,34,http://blazedemo.com//,511,0,227
1560681717267,439,Landing page,200,OK,bzm - Arrivals Thread Group - Limitation-ThreadStarter 1-34,text,true,,8551,117,34,34,http://blazedemo.com//,438,0,211
1560681717767,488,Landing page,200,OK,bzm - Arrivals Thread Group - Limitation-ThreadStarter 1-35,text,true,,8551,117,35,35,http://blazedemo.com//,445,0,219
1560681718262,470,Landing page,200,OK,bzm - Arrivals Thread Group - Limitation-ThreadStarter 1-36,text,true,,8551,117,36,36,http://blazedemo.com//,469,0,225
1560681718765,422,Landing page,200,OK,bzm - Arrivals Thread Group - Limitation-ThreadStarter 1-37,text,true,,8551,117,37,37,http://blazedemo.com//,422,0,202
1560681719262,446,Landing page,200,OK,bzm - Arrivals Thread Group - Limitation-ThreadStarter 1-38,text,true,,8551,117,38,38,http://blazedemo.com//,444,0,214
1560681719765,464,Landing page,200,OK,bzm - Arrivals Thread Group - Limitation-ThreadStarter 1-39,text,true,,8550,117,39,39,http://blazedemo.com//,464,0,227
1560681720265,453,Landing page,200,OK,bzm - Arrivals Thread Group - Limitation-ThreadStarter 1-40,text,true,,8551,117,40,40,http://blazedemo.com//,452,0,220
1560681720767,462,Landing page,200,OK,bzm - Arrivals Thread Group - Limitation-ThreadStarter 1-41,text,true,,8551,117,41,41,http://blazedemo.com//,462,0,227
1560681721267,448,Landing page,200,OK,bzm - Arrivals Thread Group - Limitation-ThreadStarter 1-42,text,true,,8551,117,42,42,http://blazedemo.com//,444,0,214
1560681721767,463,Landing page,200,OK,bzm - Arrivals Thread Group - Limitation-ThreadStarter 1-43,text,true,,8550,117,43,43,http://blazedemo.com//,463,0,225
1560681722267,462,Landing page,200,OK,bzm - Arrivals Thread Group - Limitation-ThreadStarter 1-44,text,true,,8550,117,44,44,http://blazedemo.com//,462,0,224
1560681722767,420,Landing page,200,OK,bzm - Arrivals Thread Group - Limitation-ThreadStarter 1-45,text,true,,8550,117,45,45,http://blazedemo.com//,420,0,203
1560681723267,422,Landing page,200,OK,bzm - Arrivals Thread Group - Limitation-ThreadStarter 1-46,text,true,,8550,117,46,46,http://blazedemo.com//,422,0,205
1560681723767,437,Landing page,200,OK,bzm - Arrivals Thread Group - Limitation-ThreadStarter 1-47,text,true,,8550,117,47,47,http://blazedemo.com//,436,0,211
1560681724267,447,Landing page,200,OK,bzm - Arrivals Thread Group - Limitation-ThreadStarter 1-48,text,true,,8550,117,48,48,http://blazedemo.com//,447,0,219
1560681724767,445,Landing page,200,OK,bzm - Arrivals Thread Group - Limitation-ThreadStarter 1-49,text,true,,8550,117,49,49,http://blazedemo.com//,444,0,219
1560681725266,440,Landing page,200,OK,bzm - Arrivals Thread Group - Limitation-ThreadStarter 1-50,text,true,,8550,117,50,50,http://blazedemo.com//,439,0,214
1560681725765,431,Landing page,200,OK,bzm - Arrivals Thread Group - Limitation-ThreadStarter 1-51,text,true,,8550,117,51,51,http://blazedemo.com//,430,0,207
1560681726265,458,Landing page,200,OK,bzm - Arrivals Thread Group - Limitation-ThreadStarter 1-52,text,true,,8550,117,52,52,http://blazedemo.com//,449,0,218
1560681726768,461,Landing page,200,OK,bzm - Arrivals Thread Group - Limitation-ThreadStarter 1-53,text,true,,8550,117,53,53,http://blazedemo.com//,461,0,234
1560681727268,418,Landing page,200,OK,bzm - Arrivals Thread Group - Limitation-ThreadStarter 1-54,text,true,,8550,117,54,54,http://blazedemo.com//,415,0,203
1560681727768,560,Landing page,200,OK,bzm - Arrivals Thread Group - Limitation-ThreadStarter 1-55,text,true,,8550,117,56,56,http://blazedemo.com//,560,0,215
1560681728267,519,Landing page,200,OK,bzm - Arrivals Thread Group - Limitation-ThreadStarter 1-56,text,true,,8550,117,57,57,http://blazedemo.com//,519,0,269
1560681728767,483,Landing page,200,OK,bzm - Arrivals Thread Group - Limitation-ThreadStarter 1-57,text,true,,8550,117,57,57,http://blazedemo.com//,483,0,219
1560681729267,450,Landing page,200,OK,bzm - Arrivals Thread Group - Limitation-ThreadStarter 1-58,text,true,,8550,117,58,58,http://blazedemo.com//,450,0,220
1560681729767,418,Landing page,200,OK,bzm - Arrivals Thread Group - Limitation-ThreadStarter 1-59,text,true,,8550,117,59,59,http://blazedemo.com//,417,0,201
1560681730265,466,Landing page,200,OK,bzm - Arrivals Thread Group - Limitation-ThreadStarter 1-60,text,true,,8550,117,60,60,http://blazedemo.com//,466,0,227
1560681730764,461,Landing page,200,OK,bzm - Arrivals Thread Group - Limitation-ThreadStarter 1-61,text,true,,8550,117,61,61,http://blazedemo.com//,460,0,231
1560681731263,464,Landing page,200,OK,bzm - Arrivals Thread Group - Limitation-ThreadStarter 1-62,text,true,,8550,117,62,62,http://blazedemo.com//,463,0,228
1560681731764,505,Landing page,200,OK,bzm - Arrivals Thread Group - Limitation-ThreadStarter 1-63,text,true,,8550,117,64,64,http://blazedemo.com//,504,0,251
1560681732267,424,Landing page,200,OK,bzm - Arrivals Thread Group - Limitation-ThreadStarter 1-64,text,true,,8550,117,64,64,http://blazedemo.com//,422,0,207
1560681732767,448,Landing page,200,OK,bzm - Arrivals Thread Group - Limitation-ThreadStarter 1-65,text,true,,8550,117,65,65,http://blazedemo.com//,448,0,206
1560681733763,460,Landing page,200,OK,bzm - Arrivals Thread Group - Limitation-ThreadStarter 1-67,text,true,,8550,117,67,67,http://blazedemo.com//,459,0,223
1560681734265,426,Landing page,200,OK,bzm - Arrivals Thread Group - Limitation-ThreadStarter 1-68,text,true,,8550,117,68,68,http://blazedemo.com//,425,0,213
1560681733269,1470,Landing page,200,OK,bzm - Arrivals Thread Group - Limitation-ThreadStarter 1-66,text,true,,8550,117,68,68,http://blazedemo.com//,1470,0,1234
1560681734766,442,Landing page,200,OK,bzm - Arrivals Thread Group - Limitation-ThreadStarter 1-69,text,true,,8550,117,69,69,http://blazedemo.com//,442,0,206
1560681735262,473,Landing page,200,OK,bzm - Arrivals Thread Group - Limitation-ThreadStarter 1-70,text,true,,8550,117,70,70,http://blazedemo.com//,473,0,230
1560681735767,474,Landing page,200,OK,bzm - Arrivals Thread Group - Limitation-ThreadStarter 1-71,text,true,,8550,117,71,71,http://blazedemo.com//,473,0,236
1560681736268,441,Landing page,200,OK,bzm - Arrivals Thread Group - Limitation-ThreadStarter 1-72,text,true,,8550,117,72,72,http://blazedemo.com//,440,0,216
1560681736764,474,Landing page,200,OK,bzm - Arrivals Thread Group - Limitation-ThreadStarter 1-73,text,true,,8550,117,73,73,http://blazedemo.com//,474,0,226
1560681737268,499,Landing page,200,OK,bzm - Arrivals Thread Group - Limitation-ThreadStarter 1-74,text,true,,8550,117,75,74,http://blazedemo.com//,499,0,276
1560681737779,457,Landing page,200,OK,bzm - Arrivals Thread Group - Limitation-ThreadStarter 1-75,text,true,,8550,117,75,75,http://blazedemo.com//,457,0,222
1560681738266,436,Landing page,200,OK,bzm - Arrivals Thread Group - Limitation-ThreadStarter 1-76,text,true,,8550,117,76,76,http://blazedemo.com//,436,0,210
1560681738765,463,Landing page,200,OK,bzm - Arrivals Thread Group - Limitation-ThreadStarter 1-77,text,true,,8550,117,77,77,http://blazedemo.com//,463,0,237
1560681739263,452,Landing page,200,OK,bzm - Arrivals Thread Group - Limitation-ThreadStarter 1-78,text,true,,8550,117,78,78,http://blazedemo.com//,452,0,224
1560681739765,441,Landing page,200,OK,bzm - Arrivals Thread Group - Limitation-ThreadStarter 1-79,text,true,,8550,117,79,79,http://blazedemo.com//,441,0,211
1560681740263,484,Landing page,200,OK,bzm - Arrivals Thread Group - Limitation-ThreadStarter 1-80,text,true,,8550,117,80,80,http://blazedemo.com//,484,0,223
1560681740765,447,Landing page,200,OK,bzm - Arrivals Thread Group - Limitation-ThreadStarter 1-81,text,true,,8550,117,81,81,http://blazedemo.com//,447,0,216
1560681741265,500,Landing page,200,OK,bzm - Arrivals Thread Group - Limitation-ThreadStarter 1-82,text,true,,8550,117,83,82,http://blazedemo.com//,499,0,236
1560681741766,487,Landing page,200,OK,bzm - Arrivals Thread Group - Limitation-ThreadStarter 1-83,text,true,,8550,117,83,83,http://blazedemo.com//,487,0,224
1560681742267,470,Landing page,200,OK,bzm - Arrivals Thread Group - Limitation-ThreadStarter 1-84,text,true,,8550,117,84,84,http://blazedemo.com//,470,0,227
1560681742764,445,Landing page,200,OK,bzm - Arrivals Thread Group - Limitation-ThreadStarter 1-85,text,true,,8550,117,85,85,http://blazedemo.com//,445,0,215
1560681743268,442,Landing page,200,OK,bzm - Arrivals Thread Group - Limitation-ThreadStarter 1-86,text,true,,8550,117,86,86,http://blazedemo.com//,441,0,215
1560681743763,438,Landing page,200,OK,bzm - Arrivals Thread Group - Limitation-ThreadStarter 1-87,text,true,,8550,117,87,87,http://blazedemo.com//,438,0,213
1560681744268,470,Landing page,200,OK,bzm - Arrivals Thread Group - Limitation-ThreadStarter 1-88,text,true,,8550,117,88,88,http://blazedemo.com//,470,0,232
1560681744768,1443,Landing page,200,OK,bzm - Arrivals Thread Group - Limitation-ThreadStarter 1-89,text,true,,8550,117,92,92,http://blazedemo.com//,1443,0,1226
1560681745768,452,Landing page,200,OK,bzm - Arrivals Thread Group - Limitation-ThreadStarter 1-91,text,true,,8550,117,92,92,http://blazedemo.com//,452,0,226
1560681745268,1290,Landing page,200,OK,bzm - Arrivals Thread Group - Limitation-ThreadStarter 1-90,text,true,,8550,117,92,92,http://blazedemo.com//,1289,0,215
1560681746098,471,Landing page,200,OK,bzm - Arrivals Thread Group - Limitation-ThreadStarter 1-92,text,true,,8550,117,92,92,http://blazedemo.com//,469,0,234
1560681746597,477,Landing page,200,OK,bzm - Arrivals Thread Group - Limitation-ThreadStarter 1-93,text,true,,8550,117,93,93,http://blazedemo.com//,477,0,228
1560681747096,489,Landing page,200,OK,bzm - Arrivals Thread Group - Limitation-ThreadStarter 1-94,text,true,,8551,117,94,94,http://blazedemo.com//,488,0,241
1560681747600,455,Landing page,200,OK,bzm - Arrivals Thread Group - Limitation-ThreadStarter 1-95,text,true,,8551,117,95,95,http://blazedemo.com//,454,0,222
1560681748096,444,Landing page,200,OK,bzm - Arrivals Thread Group - Limitation-ThreadStarter 1-96,text,true,,8551,117,96,96,http://blazedemo.com//,439,0,213
1560681748597,451,Landing page,200,OK,bzm - Arrivals Thread Group - Limitation-ThreadStarter 1-97,text,true,,8551,117,97,97,http://blazedemo.com//,451,0,216
1560681748630,446,Search,200,OK,bzm - Arrivals Thread Group - Limitation-ThreadStarter 1-1,text,true,,11186,247,97,97,http://blazedemo.com//reserve.php,446,0,217
1560681748886,470,Search,200,OK,bzm - Arrivals Thread Group - Limitation-ThreadStarter 1-2,text,true,,11186,247,98,98,http://blazedemo.com//reserve.php,470,0,230
1560681748923,477,Search,200,OK,bzm - Arrivals Thread Group - Limitation-ThreadStarter 1-3,text,true,,11185,247,98,98,http://blazedemo.com//reserve.php,477,0,237
1560681749100,450,Landing page,200,OK,bzm - Arrivals Thread Group - Limitation-ThreadStarter 1-98,text,true,,8551,117,98,98,http://blazedemo.com//,450,0,221
1560681749309,446,Search,200,OK,bzm - Arrivals Thread Group - Limitation-ThreadStarter 1-4,text,true,,11186,247,99,99,http://blazedemo.com//reserve.php,445,0,214
1560681749599,467,Landing page,200,OK,bzm - Arrivals Thread Group - Limitation-ThreadStarter 1-99,text,true,,8551,117,99,99,http://blazedemo.com//,465,0,225
1560681750097,527,Landing page,200,OK,bzm - Arrivals Thread Group - Limitation-ThreadStarter 1-100,text,true,,8550,117,100,100,http://blazedemo.com//,438,0,214
1560681750323,415,Search,200,OK,bzm - Arrivals Thread Group - Limitation-ThreadStarter 1-5,text,true,,11185,247,100,100,http://blazedemo.com//reserve.php,413,0,201
1560681751363,459,Search,200,OK,bzm - Arrivals Thread Group - Limitation-ThreadStarter 1-6,text,true,,11185,247,100,100,http://blazedemo.com//reserve.php,451,0,215
1560681752392,451,Search,200,OK,bzm - Arrivals Thread Group - Limitation-ThreadStarter 1-7,text,true,,11185,247,100,100,http://blazedemo.com//reserve.php,451,0,216
1560681753336,421,Search,200,OK,bzm - Arrivals Thread Group - Limitation-ThreadStarter 1-8,text,true,,11185,247,100,100,http://blazedemo.com//reserve.php,420,0,204
1560681754319,450,Search,200,OK,bzm - Arrivals Thread Group - Limitation-ThreadStarter 1-9,text,true,,11185,247,100,100,http://blazedemo.com//reserve.php,450,0,232
1560681755314,470,Search,200,OK,bzm - Arrivals Thread Group - Limitation-ThreadStarter 1-10,text,true,,11186,247,100,100,http://blazedemo.com//reserve.php,470,0,228
1560681756305,448,Search,200,OK,bzm - Arrivals Thread Group - Limitation-ThreadStarter 1-11,text,true,,11185,247,100,100,http://blazedemo.com//reserve.php,447,0,211
1560681757352,477,Search,200,OK,bzm - Arrivals Thread Group - Limitation-ThreadStarter 1-12,text,true,,11185,247,100,100,http://blazedemo.com//reserve.php,477,0,232
1560681758433,483,Search,200,OK,bzm - Arrivals Thread Group - Limitation-ThreadStarter 1-13,text,true,,11185,247,100,100,http://blazedemo.com//reserve.php,483,0,215
1560681759300,476,Search,200,OK,bzm - Arrivals Thread Group - Limitation-ThreadStarter 1-14,text,true,,11185,247,100,100,http://blazedemo.com//reserve.php,476,0,224
1560681760319,433,Search,200,OK,bzm - Arrivals Thread Group - Limitation-ThreadStarter 1-15,text,true,,11185,247,100,100,http://blazedemo.com//reserve.php,433,0,209
1560681761398,444,Search,200,OK,bzm - Arrivals Thread Group - Limitation-ThreadStarter 1-16,text,true,,11185,247,100,100,http://blazedemo.com//reserve.php,443,0,214
1560681762287,469,Search,200,OK,bzm - Arrivals Thread Group - Limitation-ThreadStarter 1-17,text,true,,11185,247,100,100,http://blazedemo.com//reserve.php,469,0,239
1560681763326,457,Search,200,OK,bzm - Arrivals Thread Group - Limitation-ThreadStarter 1-18,text,true,,11185,247,100,100,http://blazedemo.com//reserve.php,457,0,229
1560681764290,473,Search,200,OK,bzm - Arrivals Thread Group - Limitation-ThreadStarter 1-19,text,true,,11185,247,100,100,http://blazedemo.com//reserve.php,473,0,224
1560681765351,458,Search,200,OK,bzm - Arrivals Thread Group - Limitation-ThreadStarter 1-20,text,true,,11186,247,100,100,http://blazedemo.com//reserve.php,458,0,219
1560681766337,462,Search,200,OK,bzm - Arrivals Thread Group - Limitation-ThreadStarter 1-21,text,true,,11185,247,100,100,http://blazedemo.com//reserve.php,461,0,224
1560681767369,454,Search,200,OK,bzm - Arrivals Thread Group - Limitation-ThreadStarter 1-22,text,true,,11185,247,100,100,http://blazedemo.com//reserve.php,453,0,216
1560681768467,562,Search,200,OK,bzm - Arrivals Thread Group - Limitation-ThreadStarter 1-23,text,true,,11185,247,100,100,http://blazedemo.com//reserve.php,562,0,321
1560681769297,466,Search,200,OK,bzm - Arrivals Thread Group - Limitation-ThreadStarter 1-24,text,true,,11185,247,100,100,http://blazedemo.com//reserve.php,466,0,224
1560681770313,463,Search,200,OK,bzm - Arrivals Thread Group - Limitation-ThreadStarter 1-25,text,true,,11185,247,100,100,http://blazedemo.com//reserve.php,458,0,228
1560681771314,462,Search,200,OK,bzm - Arrivals Thread Group - Limitation-ThreadStarter 1-26,text,true,,11185,247,100,100,http://blazedemo.com//reserve.php,460,0,225
1560681772363,431,Search,200,OK,bzm - Arrivals Thread Group - Limitation-ThreadStarter 1-27,text,true,,11185,247,100,100,http://blazedemo.com//reserve.php,431,0,206
1560681773454,468,Search,200,OK,bzm - Arrivals Thread Group - Limitation-ThreadStarter 1-28,text,true,,11185,247,100,100,http://blazedemo.com//reserve.php,467,0,241
1560681774365,2222,Search,200,OK,bzm - Arrivals Thread Group - Limitation-ThreadStarter 1-29,text,true,,11185,247,100,100,http://blazedemo.com//reserve.php,1478,0,1231
1560681776308,427,Search,200,OK,bzm - Arrivals Thread Group - Limitation-ThreadStarter 1-31,text,true,,11186,247,100,100,http://blazedemo.com//reserve.php,427,0,203
1560681775384,1445,Search,200,OK,bzm - Arrivals Thread Group - Limitation-ThreadStarter 1-30,text,true,,11185,247,100,100,http://blazedemo.com//reserve.php,1445,0,1221
1560681776796,445,Search,200,OK,bzm - Arrivals Thread Group - Limitation-ThreadStarter 1-32,text,true,,11185,247,100,100,http://blazedemo.com//reserve.php,445,0,213
1560681777283,628,Search,200,OK,bzm - Arrivals Thread Group - Limitation-ThreadStarter 1-33,text,true,,11186,247,100,100,http://blazedemo.com//reserve.php,628,0,361
1560681777711,433,Search,200,OK,bzm - Arrivals Thread Group - Limitation-ThreadStarter 1-34,text,true,,11186,247,100,100,http://blazedemo.com//reserve.php,433,0,209
1560681778259,487,Search,200,OK,bzm - Arrivals Thread Group - Limitation-ThreadStarter 1-35,text,true,,11186,247,100,100,http://blazedemo.com//reserve.php,487,0,246
1560681778738,442,Search,200,OK,bzm - Arrivals Thread Group - Limitation-ThreadStarter 1-36,text,true,,11186,247,100,100,http://blazedemo.com//reserve.php,442,0,214
1560681779193,431,Search,200,OK,bzm - Arrivals Thread Group - Limitation-ThreadStarter 1-37,text,true,,11186,247,100,100,http://blazedemo.com//reserve.php,431,0,202
1560681779714,453,Search,200,OK,bzm - Arrivals Thread Group - Limitation-ThreadStarter 1-38,text,true,,11186,247,100,100,http://blazedemo.com//reserve.php,453,0,223
1560681780237,451,Search,200,OK,bzm - Arrivals Thread Group - Limitation-ThreadStarter 1-39,text,true,,11186,247,100,100,http://blazedemo.com//reserve.php,446,0,218
1560681780724,752,Search,200,OK,bzm - Arrivals Thread Group - Limitation-ThreadStarter 1-40,text,true,,11186,247,100,100,http://blazedemo.com//reserve.php,751,0,221
1560681781234,452,Search,200,OK,bzm - Arrivals Thread Group - Limitation-ThreadStarter 1-41,text,true,,11186,247,100,100,http://blazedemo.com//reserve.php,452,0,217
1560681781718,512,Search,200,OK,bzm - Arrivals Thread Group - Limitation-ThreadStarter 1-42,text,true,,11193,247,100,100,http://blazedemo.com//reserve.php,512,0,225
1560681782232,444,Search,200,OK,bzm - Arrivals Thread Group - Limitation-ThreadStarter 1-43,text,true,,11185,247,100,100,http://blazedemo.com//reserve.php,444,0,203
1560681782736,439,Search,200,OK,bzm - Arrivals Thread Group - Limitation-ThreadStarter 1-44,text,true,,11185,247,100,100,http://blazedemo.com//reserve.php,437,0,213
1560681783191,448,Search,200,OK,bzm - Arrivals Thread Group - Limitation-ThreadStarter 1-45,text,true,,11185,247,100,100,http://blazedemo.com//reserve.php,448,0,221
1560681783692,451,Search,200,OK,bzm - Arrivals Thread Group - Limitation-ThreadStarter 1-46,text,true,,11185,247,100,100,http://blazedemo.com//reserve.php,451,0,216
1560681784208,440,Search,200,OK,bzm - Arrivals Thread Group - Limitation-ThreadStarter 1-47,text,true,,11185,247,100,100,http://blazedemo.com//reserve.php,439,0,213
1560681784716,484,Search,200,OK,bzm - Arrivals Thread Group - Limitation-ThreadStarter 1-48,text,true,,11185,247,100,100,http://blazedemo.com//reserve.php,473,0,240
1560681785217,429,Search,200,OK,bzm - Arrivals Thread Group - Limitation-ThreadStarter 1-49,text,true,,11185,247,100,100,http://blazedemo.com//reserve.php,428,0,209
1560681785709,445,Search,200,OK,bzm - Arrivals Thread Group - Limitation-ThreadStarter 1-50,text,true,,11185,247,100,100,http://blazedemo.com//reserve.php,445,0,204
1560681786203,703,Search,200,OK,bzm - Arrivals Thread Group - Limitation-ThreadStarter 1-51,text,true,,11186,247,100,100,http://blazedemo.com//reserve.php,608,0,293
1560681787236,627,Search,200,OK,bzm - Arrivals Thread Group - Limitation-ThreadStarter 1-53,text,true,,11185,247,100,100,http://blazedemo.com//reserve.php,627,0,262
1560681787688,496,Search,200,OK,bzm - Arrivals Thread Group - Limitation-ThreadStarter 1-54,text,true,,11185,247,100,100,http://blazedemo.com//reserve.php,476,0,243
1560681786725,1459,Search,200,OK,bzm - Arrivals Thread Group - Limitation-ThreadStarter 1-52,text,true,,11185,247,100,100,http://blazedemo.com//reserve.php,1459,0,1219
1560681788330,429,Search,200,OK,bzm - Arrivals Thread Group - Limitation-ThreadStarter 1-55,text,true,,11186,247,100,100,http://blazedemo.com//reserve.php,427,0,208
1560681788788,445,Search,200,OK,bzm - Arrivals Thread Group - Limitation-ThreadStarter 1-56,text,true,,11185,247,100,100,http://blazedemo.com//reserve.php,445,0,216
1560681789252,445,Search,200,OK,bzm - Arrivals Thread Group - Limitation-ThreadStarter 1-57,text,true,,11185,247,100,100,http://blazedemo.com//reserve.php,440,0,215
1560681790188,446,Search,200,OK,bzm - Arrivals Thread Group - Limitation-ThreadStarter 1-59,text,true,,11185,247,100,100,http://blazedemo.com//reserve.php,446,0,216
1560681789719,1429,Search,200,OK,bzm - Arrivals Thread Group - Limitation-ThreadStarter 1-58,text,true,,11185,247,100,100,http://blazedemo.com//reserve.php,1428,0,1215
1560681790733,425,Search,200,OK,bzm - Arrivals Thread Group - Limitation-ThreadStarter 1-60,text,true,,11185,247,100,100,http://blazedemo.com//reserve.php,425,0,208
1560681791227,465,Search,200,OK,bzm - Arrivals Thread Group - Limitation-ThreadStarter 1-61,text,true,,11185,247,100,100,http://blazedemo.com//reserve.php,464,0,227
1560681791731,465,Search,200,OK,bzm - Arrivals Thread Group - Limitation-ThreadStarter 1-62,text,true,,11185,247,100,100,http://blazedemo.com//reserve.php,464,0,225
1560681792275,441,Search,200,OK,bzm - Arrivals Thread Group - Limitation-ThreadStarter 1-63,text,true,,11185,247,100,100,http://blazedemo.com//reserve.php,441,0,205
1560681792696,613,Search,200,OK,bzm - Arrivals Thread Group - Limitation-ThreadStarter 1-64,text,true,,11185,247,100,100,http://blazedemo.com//reserve.php,613,0,374
1560681793223,467,Search,200,OK,bzm - Arrivals Thread Group - Limitation-ThreadStarter 1-65,text,true,,11185,247,100,100,http://blazedemo.com//reserve.php,465,0,240
1560681794230,438,Search,200,OK,bzm - Arrivals Thread Group - Limitation-ThreadStarter 1-67,text,true,,11185,247,100,100,http://blazedemo.com//reserve.php,437,0,213
1560681794699,444,Search,200,OK,bzm - Arrivals Thread Group - Limitation-ThreadStarter 1-68,text,true,,11186,247,100,100,http://blazedemo.com//reserve.php,444,0,213
1560681794745,416,Search,200,OK,bzm - Arrivals Thread Group - Limitation-ThreadStarter 1-66,text,true,,11185,247,100,100,http://blazedemo.com//reserve.php,416,0,202
1560681795214,440,Search,200,OK,bzm - Arrivals Thread Group - Limitation-ThreadStarter 1-69,text,true,,11185,247,100,100,http://blazedemo.com//reserve.php,440,0,215
1560681795741,478,Search,200,OK,bzm - Arrivals Thread Group - Limitation-ThreadStarter 1-70,text,true,,11185,247,100,100,http://blazedemo.com//reserve.php,478,0,229
1560681796244,425,Search,200,OK,bzm - Arrivals Thread Group - Limitation-ThreadStarter 1-71,text,true,,11186,247,100,100,http://blazedemo.com//reserve.php,419,0,203
1560681796717,447,Search,200,OK,bzm - Arrivals Thread Group - Limitation-ThreadStarter 1-72,text,true,,11185,247,100,100,http://blazedemo.com//reserve.php,445,0,218
1560681797243,435,Search,200,OK,bzm - Arrivals Thread Group - Limitation-ThreadStarter 1-73,text,true,,11185,247,100,100,http://blazedemo.com//reserve.php,434,0,209
1560681797771,444,Search,200,OK,bzm - Arrivals Thread Group - Limitation-ThreadStarter 1-74,text,true,,11185,247,100,100,http://blazedemo.com//reserve.php,442,0,217
1560681798243,447,Search,200,OK,bzm - Arrivals Thread Group - Limitation-ThreadStarter 1-75,text,true,,11185,247,100,100,http://blazedemo.com//reserve.php,445,0,215
1560681798709,450,Search,200,OK,bzm - Arrivals Thread Group - Limitation-ThreadStarter 1-76,text,true,,11185,247,100,100,http://blazedemo.com//reserve.php,450,0,221
1560681799231,469,Search,200,OK,bzm - Arrivals Thread Group - Limitation-ThreadStarter 1-77,text,true,,11185,247,100,100,http://blazedemo.com//reserve.php,456,0,222
1560681799720,517,Search,200,OK,bzm - Arrivals Thread Group - Limitation-ThreadStarter 1-78,text,true,,11185,247,100,100,http://blazedemo.com//reserve.php,517,0,216
1560681800212,477,Search,200,OK,bzm - Arrivals Thread Group - Limitation-ThreadStarter 1-79,text,true,,11185,247,100,100,http://blazedemo.com//reserve.php,477,0,230
1560681800750,414,Search,200,OK,bzm - Arrivals Thread Group - Limitation-ThreadStarter 1-80,text,true,,11185,247,100,100,http://blazedemo.com//reserve.php,414,0,202
1560681801219,467,Search,200,OK,bzm - Arrivals Thread Group - Limitation-ThreadStarter 1-81,text,true,,11185,247,100,100,http://blazedemo.com//reserve.php,467,0,230
1560681801767,504,Search,200,OK,bzm - Arrivals Thread Group - Limitation-ThreadStarter 1-82,text,true,,11185,247,100,100,http://blazedemo.com//reserve.php,503,0,266
1560681802258,472,Search,200,OK,bzm - Arrivals Thread Group - Limitation-ThreadStarter 1-83,text,true,,11185,247,100,100,http://blazedemo.com//reserve.php,472,0,234
1560681802739,490,Search,200,OK,bzm - Arrivals Thread Group - Limitation-ThreadStarter 1-84,text,true,,11185,247,100,100,http://blazedemo.com//reserve.php,490,0,263
1560681803213,417,Search,200,OK,bzm - Arrivals Thread Group - Limitation-ThreadStarter 1-85,text,true,,11185,247,100,100,http://blazedemo.com//reserve.php,416,0,202
1560681803715,438,Search,200,OK,bzm - Arrivals Thread Group - Limitation-ThreadStarter 1-86,text,true,,11185,247,100,100,http://blazedemo.com//reserve.php,436,0,212
1560681804203,447,Search,200,OK,bzm - Arrivals Thread Group - Limitation-ThreadStarter 1-87,text,true,,11185,247,100,100,http://blazedemo.com//reserve.php,445,0,217
1560681804740,447,Search,200,OK,bzm - Arrivals Thread Group - Limitation-ThreadStarter 1-88,text,true,,11185,247,100,100,http://blazedemo.com//reserve.php,447,0,216
1560681806216,441,Search,200,OK,bzm - Arrivals Thread Group - Limitation-ThreadStarter 1-89,text,true,,11185,247,100,100,http://blazedemo.com//reserve.php,441,0,214
1560681806224,434,Search,200,OK,bzm - Arrivals Thread Group - Limitation-ThreadStarter 1-91,text,true,,11185,247,100,100,http://blazedemo.com//reserve.php,433,0,206
1560681806574,422,Search,200,OK,bzm - Arrivals Thread Group - Limitation-ThreadStarter 1-92,text,true,,11185,247,100,100,http://blazedemo.com//reserve.php,422,0,207
1560681806561,477,Search,200,OK,bzm - Arrivals Thread Group - Limitation-ThreadStarter 1-90,text,true,,11185,247,100,100,http://blazedemo.com//reserve.php,472,0,235
1560681807079,444,Search,200,OK,bzm - Arrivals Thread Group - Limitation-ThreadStarter 1-93,text,true,,11185,247,100,100,http://blazedemo.com//reserve.php,437,0,214
1560681808060,870,Search,200,OK,bzm - Arrivals Thread Group - Limitation-ThreadStarter 1-95,text,true,,11185,247,100,100,http://blazedemo.com//reserve.php,870,0,577
1560681807590,1342,Search,200,OK,bzm - Arrivals Thread Group - Limitation-ThreadStarter 1-94,text,true,,11185,247,100,100,http://blazedemo.com//reserve.php,1340,0,1047
1560681808543,616,Search,200,OK,bzm - Arrivals Thread Group - Limitation-ThreadStarter 1-96,text,true,,11185,247,100,100,http://blazedemo.com//reserve.php,616,0,387
1560681809051,463,Search,200,OK,bzm - Arrivals Thread Group - Limitation-ThreadStarter 1-97,text,true,,11186,247,100,100,http://blazedemo.com//reserve.php,463,0,228
1560681809088,489,Purchase ticket,200,OK,bzm - Arrivals Thread Group - Limitation-ThreadStarter 1-1,text,true,,10552,297,100,100,http://blazedemo.com//purchase.php,489,0,264
1560681809362,477,Purchase ticket,200,OK,bzm - Arrivals Thread Group - Limitation-ThreadStarter 1-2,text,true,,10552,297,100,100,http://blazedemo.com//purchase.php,477,0,248
1560681809406,446,Purchase ticket,200,OK,bzm - Arrivals Thread Group - Limitation-ThreadStarter 1-3,text,true,,10544,289,99,99,http://blazedemo.com//purchase.php,445,0,215
1560681809553,429,Search,200,OK,bzm - Arrivals Thread Group - Limitation-ThreadStarter 1-98,text,true,,11185,247,98,98,http://blazedemo.com//reserve.php,429,0,213
1560681809602,449,Landing page,200,OK,bzm - Arrivals Thread Group - Limitation-ThreadStarter 1-1,text,true,,8550,117,98,98,http://blazedemo.com//,449,0,209
1560681809759,445,Purchase ticket,200,OK,bzm - Arrivals Thread Group - Limitation-ThreadStarter 1-4,text,true,,10550,294,99,99,http://blazedemo.com//purchase.php,445,0,204
1560681810069,443,Search,200,OK,bzm - Arrivals Thread Group - Limitation-ThreadStarter 1-99,text,true,,11185,247,98,98,http://blazedemo.com//reserve.php,443,0,214
1560681810095,438,Landing page,200,OK,bzm - Arrivals Thread Group - Limitation-ThreadStarter 1-2,text,true,,8550,117,98,98,http://blazedemo.com//,438,0,213
1560681810595,443,Landing page,200,OK,bzm - Arrivals Thread Group - Limitation-ThreadStarter 1-4,text,true,,8550,117,99,99,http://blazedemo.com//,443,0,212
1560681810629,468,Search,200,OK,bzm - Arrivals Thread Group - Limitation-ThreadStarter 1-100,text,true,,11185,247,100,100,http://blazedemo.com//reserve.php,467,0,226
1560681810740,452,Purchase ticket,200,OK,bzm - Arrivals Thread Group - Limitation-ThreadStarter 1-5,text,true,,10551,297,100,100,http://blazedemo.com//purchase.php,451,0,218
1560681811098,439,Landing page,200,OK,bzm - Arrivals Thread Group - Limitation-ThreadStarter 1-3,text,true,,8550,117,99,99,http://blazedemo.com//,439,0,215
1560681811597,451,Landing page,200,OK,bzm - Arrivals Thread Group - Limitation-ThreadStarter 1-5,text,true,,8550,117,100,100,http://blazedemo.com//,451,0,221
1560681811825,480,Purchase ticket,200,OK,bzm - Arrivals Thread Group - Limitation-ThreadStarter 1-6,text,true,,10551,296,100,100,http://blazedemo.com//purchase.php,480,0,229
1560681812598,491,Landing page,200,OK,bzm - Arrivals Thread Group - Limitation-ThreadStarter 1-6,text,true,,8550,117,100,100,http://blazedemo.com//,491,0,240
1560681812850,436,Purchase ticket,200,OK,bzm - Arrivals Thread Group - Limitation-ThreadStarter 1-7,text,true,,10550,295,100,100,http://blazedemo.com//purchase.php,436,0,213
1560681813599,486,Landing page,200,OK,bzm - Arrivals Thread Group - Limitation-ThreadStarter 1-7,text,true,,8550,117,100,100,http://blazedemo.com//,485,0,237
1560681813761,464,Purchase ticket,200,OK,bzm - Arrivals Thread Group - Limitation-ThreadStarter 1-8,text,true,,10546,291,100,100,http://blazedemo.com//purchase.php,463,0,224
1560681814600,443,Landing page,200,OK,bzm - Arrivals Thread Group - Limitation-ThreadStarter 1-8,text,true,,8550,117,100,100,http://blazedemo.com//,435,0,213
1560681814775,465,Purchase ticket,200,OK,bzm - Arrivals Thread Group - Limitation-ThreadStarter 1-9,text,true,,10546,291,100,100,http://blazedemo.com//purchase.php,465,0,231
1560681815598,446,Landing page,200,OK,bzm - Arrivals Thread Group - Limitation-ThreadStarter 1-9,text,true,,8550,117,100,100,http://blazedemo.com//,446,0,219
1560681815790,420,Purchase ticket,200,OK,bzm - Arrivals Thread Group - Limitation-ThreadStarter 1-10,text,true,,10545,290,100,100,http://blazedemo.com//purchase.php,418,0,203
1560681816598,461,Landing page,200,OK,bzm - Arrivals Thread Group - Limitation-ThreadStarter 1-10,text,true,,8550,117,100,100,http://blazedemo.com//,461,0,215
1560681816759,478,Purchase ticket,200,OK,bzm - Arrivals Thread Group - Limitation-ThreadStarter 1-11,text,true,,10546,291,100,100,http://blazedemo.com//purchase.php,478,0,250
1560681817597,456,Landing page,200,OK,bzm - Arrivals Thread Group - Limitation-ThreadStarter 1-11,text,true,,8550,117,100,100,http://blazedemo.com//,456,0,227
1560681817834,789,Purchase ticket,200,OK,bzm - Arrivals Thread Group - Limitation-ThreadStarter 1-12,text,true,,10544,289,100,100,http://blazedemo.com//purchase.php,789,0,219
1560681818923,488,Purchase ticket,200,OK,bzm - Arrivals Thread Group - Limitation-ThreadStarter 1-13,text,true,,10552,297,100,100,http://blazedemo.com//purchase.php,488,0,237
1560681819095,472,Landing page,200,OK,bzm - Arrivals Thread Group - Limitation-ThreadStarter 1-12,text,true,,8550,117,99,99,http://blazedemo.com//,472,0,238
1560681819596,481,Landing page,200,OK,bzm - Arrivals Thread Group - Limitation-ThreadStarter 1-13,text,true,,8550,117,100,100,http://blazedemo.com//,481,0,225
1560681819778,445,Purchase ticket,200,OK,bzm - Arrivals Thread Group - Limitation-ThreadStarter 1-14,text,true,,10551,296,100,100,http://blazedemo.com//purchase.php,445,0,211
1560681820597,449,Landing page,200,OK,bzm - Arrivals Thread Group - Limitation-ThreadStarter 1-14,text,true,,8550,117,100,100,http://blazedemo.com//,445,0,220
1560681820759,461,Purchase ticket,200,OK,bzm - Arrivals Thread Group - Limitation-ThreadStarter 1-15,text,true,,10547,292,100,100,http://blazedemo.com//purchase.php,461,0,224
1560681821597,454,Landing page,200,OK,bzm - Arrivals Thread Group - Limitation-ThreadStarter 1-15,text,true,,8550,117,100,100,http://blazedemo.com//,453,0,221
1560681821847,469,Purchase ticket,200,OK,bzm - Arrivals Thread Group - Limitation-ThreadStarter 1-16,text,true,,10550,295,100,100,http://blazedemo.com//purchase.php,469,0,226
1560681822598,463,Landing page,200,OK,bzm - Arrivals Thread Group - Limitation-ThreadStarter 1-16,text,true,,8550,117,100,100,http://blazedemo.com//,462,0,224
1560681822759,445,Purchase ticket,200,OK,bzm - Arrivals Thread Group - Limitation-ThreadStarter 1-17,text,true,,10550,295,100,100,http://blazedemo.com//purchase.php,444,0,217
1560681823600,520,Landing page,200,OK,bzm - Arrivals Thread Group - Limitation-ThreadStarter 1-17,text,true,,8550,117,100,100,http://blazedemo.com//,520,0,266
1560681823790,447,Purchase ticket,200,OK,bzm - Arrivals Thread Group - Limitation-ThreadStarter 1-18,text,true,,10549,294,100,100,http://blazedemo.com//purchase.php,447,0,209
1560681824596,464,Landing page,200,OK,bzm - Arrivals Thread Group - Limitation-ThreadStarter 1-18,text,true,,8550,117,100,100,http://blazedemo.com//,464,0,227
1560681824768,472,Purchase ticket,200,OK,bzm - Arrivals Thread Group - Limitation-ThreadStarter 1-19,text,true,,10551,296,100,100,http://blazedemo.com//purchase.php,471,0,233
1560681825596,468,Landing page,200,OK,bzm - Arrivals Thread Group - Limitation-ThreadStarter 1-19,text,true,,8550,117,100,100,http://blazedemo.com//,468,0,230
1560681825812,439,Purchase ticket,200,OK,bzm - Arrivals Thread Group - Limitation-ThreadStarter 1-20,text,true,,10549,294,100,100,http://blazedemo.com//purchase.php,439,0,213
1560681826596,453,Landing page,200,OK,bzm - Arrivals Thread Group - Limitation-ThreadStarter 1-20,text,true,,8550,117,100,100,http://blazedemo.com//,452,0,216
1560681826805,548,Purchase ticket,200,OK,bzm - Arrivals Thread Group - Limitation-ThreadStarter 1-21,text,true,,10549,294,100,100,http://blazedemo.com//purchase.php,547,0,243
1560681827595,446,Landing page,200,OK,bzm - Arrivals Thread Group - Limitation-ThreadStarter 1-21,text,true,,8550,117,100,100,http://blazedemo.com//,445,0,211
1560681827828,549,Purchase ticket,200,OK,bzm - Arrivals Thread Group - Limitation-ThreadStarter 1-22,text,true,,10551,295,100,100,http://blazedemo.com//purchase.php,548,0,226
1560681828596,474,Landing page,200,OK,bzm - Arrivals Thread Group - Limitation-ThreadStarter 1-22,text,true,,8550,117,100,100,http://blazedemo.com//,474,0,226
1560681829035,477,Purchase ticket,200,OK,bzm - Arrivals Thread Group - Limitation-ThreadStarter 1-23,text,true,,10546,290,100,100,http://blazedemo.com//purchase.php,477,0,235
1560681829595,508,Landing page,200,OK,bzm - Arrivals Thread Group - Limitation-ThreadStarter 1-23,text,true,,8550,117,100,100,http://blazedemo.com//,508,0,238
1560681829768,468,Purchase ticket,200,OK,bzm - Arrivals Thread Group - Limitation-ThreadStarter 1-24,text,true,,10552,297,100,100,http://blazedemo.com//purchase.php,468,0,230
1560681830596,468,Landing page,200,OK,bzm - Arrivals Thread Group - Limitation-ThreadStarter 1-24,text,true,,8550,117,100,100,http://blazedemo.com//,468,0,229
1560681830780,468,Purchase ticket,200,OK,bzm - Arrivals Thread Group - Limitation-ThreadStarter 1-25,text,true,,10552,297,100,100,http://blazedemo.com//purchase.php,467,0,231
1560681831597,444,Landing page,200,OK,bzm - Arrivals Thread Group - Limitation-ThreadStarter 1-25,text,true,,8550,117,100,100,http://blazedemo.com//,444,0,215
1560681831781,448,Purchase ticket,200,OK,bzm - Arrivals Thread Group - Limitation-ThreadStarter 1-26,text,true,,10552,296,100,100,http://blazedemo.com//purchase.php,446,0,216
1560681832595,437,Landing page,200,OK,bzm - Arrivals Thread Group - Limitation-ThreadStarter 1-26,text,true,,8550,117,100,100,http://blazedemo.com//,436,0,214
1560681832799,450,Purchase ticket,200,OK,bzm - Arrivals Thread Group - Limitation-ThreadStarter 1-27,text,true,,10549,294,100,100,http://blazedemo.com//purchase.php,449,0,216
1560681833598,462,Landing page,200,OK,bzm - Arrivals Thread Group - Limitation-ThreadStarter 1-27,text,true,,8550,117,100,100,http://blazedemo.com//,459,0,233
1560681833926,449,Purchase ticket,200,OK,bzm - Arrivals Thread Group - Limitation-ThreadStarter 1-28,text,true,,10546,291,100,100,http://blazedemo.com//purchase.php,449,0,220
1560681834596,444,Landing page,200,OK,bzm - Arrivals Thread Group - Limitation-ThreadStarter 1-28,text,true,,8550,117,100,100,http://blazedemo.com//,444,0,213
1560681836592,450,Purchase ticket,200,OK,bzm - Arrivals Thread Group - Limitation-ThreadStarter 1-29,text,true,,10552,297,100,100,http://blazedemo.com//purchase.php,450,0,216
1560681836742,493,Purchase ticket,200,OK,bzm - Arrivals Thread Group - Limitation-ThreadStarter 1-31,text,true,,10545,290,100,100,http://blazedemo.com//purchase.php,493,0,221
1560681836832,470,Purchase ticket,200,OK,bzm - Arrivals Thread Group - Limitation-ThreadStarter 1-30,text,true,,10550,295,99,99,http://blazedemo.com//purchase.php,469,0,226
1560681837100,464,Landing page,200,OK,bzm - Arrivals Thread Group - Limitation-ThreadStarter 1-29,text,true,,8550,117,98,98,http://blazedemo.com//,463,0,228
1560681837244,451,Purchase ticket,200,OK,bzm - Arrivals Thread Group - Limitation-ThreadStarter 1-32,text,true,,10551,296,99,99,http://blazedemo.com//purchase.php,450,0,222
1560681837595,480,Landing page,200,OK,bzm - Arrivals Thread Group - Limitation-ThreadStarter 1-31,text,true,,8550,117,98,98,http://blazedemo.com//,439,0,215
1560681837913,508,Purchase ticket,200,OK,bzm - Arrivals Thread Group - Limitation-ThreadStarter 1-33,text,true,,10550,295,99,99,http://blazedemo.com//purchase.php,508,0,221
1560681838095,439,Landing page,200,OK,bzm - Arrivals Thread Group - Limitation-ThreadStarter 1-30,text,true,,8550,117,98,98,http://blazedemo.com//,438,0,214
1560681838150,541,Purchase ticket,200,OK,bzm - Arrivals Thread Group - Limitation-ThreadStarter 1-34,text,true,,10551,296,99,99,http://blazedemo.com//purchase.php,540,0,271
1560681838596,688,Landing page,200,OK,bzm - Arrivals Thread Group - Limitation-ThreadStarter 1-32,text,true,,8550,117,99,99,http://blazedemo.com//,688,0,397
1560681838751,534,Purchase ticket,200,OK,bzm - Arrivals Thread Group - Limitation-ThreadStarter 1-35,text,true,,10550,295,99,99,http://blazedemo.com//purchase.php,534,0,242
1560681839096,470,Landing page,200,OK,bzm - Arrivals Thread Group - Limitation-ThreadStarter 1-33,text,true,,8550,117,98,98,http://blazedemo.com//,470,0,232
1560681839182,439,Purchase ticket,200,OK,bzm - Arrivals Thread Group - Limitation-ThreadStarter 1-36,text,true,,10544,290,99,99,http://blazedemo.com//purchase.php,439,0,214
1560681839595,465,Landing page,200,OK,bzm - Arrivals Thread Group - Limitation-ThreadStarter 1-35,text,true,,8550,117,98,98,http://blazedemo.com//,463,0,225
1560681839628,479,Purchase ticket,200,OK,bzm - Arrivals Thread Group - Limitation-ThreadStarter 1-37,text,true,,10552,297,99,99,http://blazedemo.com//purchase.php,478,0,229
1560681840095,439,Landing page,200,OK,bzm - Arrivals Thread Group - Limitation-ThreadStarter 1-36,text,true,,8550,117,98,98,http://blazedemo.com//,439,0,215
1560681840175,445,Purchase ticket,200,OK,bzm - Arrivals Thread Group - Limitation-ThreadStarter 1-38,text,true,,10551,296,99,99,http://blazedemo.com//purchase.php,445,0,216
1560681840597,489,Landing page,200,OK,bzm - Arrivals Thread Group - Limitation-ThreadStarter 1-37,text,true,,8550,117,98,98,http://blazedemo.com//,489,0,226
1560681840690,477,Purchase ticket,200,OK,bzm - Arrivals Thread Group - Limitation-ThreadStarter 1-39,text,true,,10552,296,99,99,http://blazedemo.com//purchase.php,476,0,249
1560681841097,457,Landing page,200,OK,bzm - Arrivals Thread Group - Limitation-ThreadStarter 1-34,text,true,,8550,117,98,98,http://blazedemo.com//,457,0,202
1560681841479,518,Purchase ticket,200,OK,bzm - Arrivals Thread Group - Limitation-ThreadStarter 1-40,text,true,,10552,297,99,99,http://blazedemo.com//purchase.php,518,0,216
1560681841598,626,Landing page,200,OK,bzm - Arrivals Thread Group - Limitation-ThreadStarter 1-39,text,true,,8550,117,99,99,http://blazedemo.com//,625,0,399
1560681841688,538,Purchase ticket,200,OK,bzm - Arrivals Thread Group - Limitation-ThreadStarter 1-41,text,true,,10549,294,99,99,http://blazedemo.com//purchase.php,537,0,309
1560681842098,454,Landing page,200,OK,bzm - Arrivals Thread Group - Limitation-ThreadStarter 1-40,text,true,,8550,117,98,98,http://blazedemo.com//,454,0,221
1560681842233,446,Purchase ticket,200,OK,bzm - Arrivals Thread Group - Limitation-ThreadStarter 1-42,text,true,,10550,295,99,99,http://blazedemo.com//purchase.php,442,0,214
1560681842598,438,Landing page,200,OK,bzm - Arrivals Thread Group - Limitation-ThreadStarter 1-41,text,true,,8550,117,98,98,http://blazedemo.com//,435,0,212
1560681842680,441,Purchase ticket,200,OK,bzm - Arrivals Thread Group - Limitation-ThreadStarter 1-43,text,true,,10551,296,99,99,http://blazedemo.com//purchase.php,441,0,215
1560681843095,470,Landing page,200,OK,bzm - Arrivals Thread Group - Limitation-ThreadStarter 1-42,text,true,,8550,117,98,98,http://blazedemo.com//,470,0,221
1560681843182,443,Purchase ticket,200,OK,bzm - Arrivals Thread Group - Limitation-ThreadStarter 1-44,text,true,,10546,291,99,99,http://blazedemo.com//purchase.php,442,0,213
1560681843598,482,Landing page,200,OK,bzm - Arrivals Thread Group - Limitation-ThreadStarter 1-43,text,true,,8550,117,98,98,http://blazedemo.com//,482,0,235
1560681843641,586,Purchase ticket,200,OK,bzm - Arrivals Thread Group - Limitation-ThreadStarter 1-45,text,true,,10549,294,99,99,http://blazedemo.com//purchase.php,586,0,225
1560681844095,499,Landing page,200,OK,bzm - Arrivals Thread Group - Limitation-ThreadStarter 1-44,text,true,,8550,117,99,99,http://blazedemo.com//,499,0,245
1560681844145,475,Purchase ticket,200,OK,bzm - Arrivals Thread Group - Limitation-ThreadStarter 1-46,text,true,,10550,295,99,99,http://blazedemo.com//purchase.php,475,0,224
1560681844595,543,Landing page,200,OK,bzm - Arrivals Thread Group - Limitation-ThreadStarter 1-45,text,true,,8550,117,99,99,http://blazedemo.com//,543,0,316
1560681844653,501,Purchase ticket,200,OK,bzm - Arrivals Thread Group - Limitation-ThreadStarter 1-47,text,true,,10550,295,99,99,http://blazedemo.com//purchase.php,501,0,258
1560681845097,624,Landing page,200,OK,bzm - Arrivals Thread Group - Limitation-ThreadStarter 1-38,text,true,,8550,117,99,99,http://blazedemo.com//,624,0,381
1560681845201,742,Purchase ticket,200,OK,bzm - Arrivals Thread Group - Limitation-ThreadStarter 1-48,text,true,,10546,291,99,99,http://blazedemo.com//purchase.php,742,0,504
1560681845598,455,Landing page,200,OK,bzm - Arrivals Thread Group - Limitation-ThreadStarter 1-47,text,true,,8550,117,98,98,http://blazedemo.com//,455,0,222
1560681845649,467,Purchase ticket,200,OK,bzm - Arrivals Thread Group - Limitation-ThreadStarter 1-49,text,true,,10545,290,99,99,http://blazedemo.com//purchase.php,465,0,227
1560681846097,458,Landing page,200,OK,bzm - Arrivals Thread Group - Limitation-ThreadStarter 1-48,text,true,,8550,117,98,98,http://blazedemo.com//,457,0,221
1560681846160,435,Purchase ticket,200,OK,bzm - Arrivals Thread Group - Limitation-ThreadStarter 1-50,text,true,,10547,291,98,98,http://blazedemo.com//purchase.php,435,0,210
1560681846595,456,Landing page,200,OK,bzm - Arrivals Thread Group - Limitation-ThreadStarter 1-49,text,true,,8550,117,98,98,http://blazedemo.com//,456,0,215
1560681846910,451,Purchase ticket,200,OK,bzm - Arrivals Thread Group - Limitation-ThreadStarter 1-51,text,true,,10546,291,99,99,http://blazedemo.com//purchase.php,451,0,222
1560681847595,460,Landing page,200,OK,bzm - Arrivals Thread Group - Limitation-ThreadStarter 1-51,text,true,,8550,117,99,99,http://blazedemo.com//,460,0,223
1560681847870,444,Purchase ticket,200,OK,bzm - Arrivals Thread Group - Limitation-ThreadStarter 1-53,text,true,,10547,292,100,100,http://blazedemo.com//purchase.php,444,0,215
1560681848096,444,Landing page,200,OK,bzm - Arrivals Thread Group - Limitation-ThreadStarter 1-46,text,true,,8550,117,99,99,http://blazedemo.com//,444,0,215
1560681848191,422,Purchase ticket,200,OK,bzm - Arrivals Thread Group - Limitation-ThreadStarter 1-52,text,true,,10549,294,100,100,http://blazedemo.com//purchase.php,421,0,208
1560681848191,458,Purchase ticket,200,OK,bzm - Arrivals Thread Group - Limitation-ThreadStarter 1-54,text,true,,10546,291,99,99,http://blazedemo.com//purchase.php,458,0,225
1560681847095,2029,Landing page,200,OK,bzm - Arrivals Thread Group - Limitation-ThreadStarter 1-50,text,true,,8550,117,99,99,http://blazedemo.com//,1445,0,1219
1560681848763,445,Purchase ticket,200,OK,bzm - Arrivals Thread Group - Limitation-ThreadStarter 1-55,text,true,,10552,296,99,99,http://blazedemo.com//purchase.php,444,0,204
1560681849096,428,Landing page,200,OK,bzm - Arrivals Thread Group - Limitation-ThreadStarter 1-54,text,true,,8550,117,98,98,http://blazedemo.com//,428,0,208
1560681849236,489,Purchase ticket,200,OK,bzm - Arrivals Thread Group - Limitation-ThreadStarter 1-56,text,true,,10549,294,99,99,http://blazedemo.com//purchase.php,489,0,235
1560681848595,1292,Landing page,200,OK,bzm - Arrivals Thread Group - Limitation-ThreadStarter 1-53,text,true,,8550,117,98,98,http://blazedemo.com//,1292,0,212
1560681849595,454,Landing page,200,OK,bzm - Arrivals Thread Group - Limitation-ThreadStarter 1-52,text,true,,8550,117,98,98,http://blazedemo.com//,454,0,223
1560681849701,444,Purchase ticket,200,OK,bzm - Arrivals Thread Group - Limitation-ThreadStarter 1-57,text,true,,10551,296,99,99,http://blazedemo.com//purchase.php,442,0,215
1560681850097,468,Landing page,200,OK,bzm - Arrivals Thread Group - Limitation-ThreadStarter 1-56,text,true,,8550,117,98,98,http://blazedemo.com//,468,0,233
1560681850597,458,Landing page,200,OK,bzm - Arrivals Thread Group - Limitation-ThreadStarter 1-57,text,true,,8550,117,99,99,http://blazedemo.com//,458,0,222
1560681850639,450,Purchase ticket,200,OK,bzm - Arrivals Thread Group - Limitation-ThreadStarter 1-59,text,true,,10552,297,99,99,http://blazedemo.com//purchase.php,450,0,216
1560681851098,460,Landing page,200,OK,bzm - Arrivals Thread Group - Limitation-ThreadStarter 1-55,text,true,,8550,117,99,99,http://blazedemo.com//,460,0,222
1560681851156,445,Purchase ticket,200,OK,bzm - Arrivals Thread Group - Limitation-ThreadStarter 1-58,text,true,,10553,297,100,100,http://blazedemo.com//purchase.php,445,0,215
1560681851161,500,Purchase ticket,200,OK,bzm - Arrivals Thread Group - Limitation-ThreadStarter 1-60,text,true,,10544,289,99,99,http://blazedemo.com//purchase.php,500,0,251
1560681851599,438,Landing page,200,OK,bzm - Arrivals Thread Group - Limitation-ThreadStarter 1-59,text,true,,8550,117,98,98,http://blazedemo.com//,438,0,223
1560681851697,472,Purchase ticket,200,OK,bzm - Arrivals Thread Group - Limitation-ThreadStarter 1-61,text,true,,10547,292,99,99,http://blazedemo.com//purchase.php,468,0,231
1560681852099,440,Landing page,200,OK,bzm - Arrivals Thread Group - Limitation-ThreadStarter 1-60,text,true,,8550,117,98,98,http://blazedemo.com//,440,0,214
1560681852199,425,Purchase ticket,200,OK,bzm - Arrivals Thread Group - Limitation-ThreadStarter 1-62,text,true,,10551,296,99,99,http://blazedemo.com//purchase.php,425,0,208
1560681852599,465,Landing page,200,OK,bzm - Arrivals Thread Group - Limitation-ThreadStarter 1-61,text,true,,8550,117,98,98,http://blazedemo.com//,465,0,230
1560681852721,450,Purchase ticket,200,OK,bzm - Arrivals Thread Group - Limitation-ThreadStarter 1-63,text,true,,10547,292,99,99,http://blazedemo.com//purchase.php,450,0,230
1560681853095,451,Landing page,200,OK,bzm - Arrivals Thread Group - Limitation-ThreadStarter 1-62,text,true,,8550,117,98,98,http://blazedemo.com//,451,0,223
1560681853312,467,Purchase ticket,200,OK,bzm - Arrivals Thread Group - Limitation-ThreadStarter 1-64,text,true,,10547,292,99,99,http://blazedemo.com//purchase.php,466,0,218
1560681853596,473,Landing page,200,OK,bzm - Arrivals Thread Group - Limitation-ThreadStarter 1-63,text,true,,8550,117,98,98,http://blazedemo.com//,468,0,230
1560681853692,474,Purchase ticket,200,OK,bzm - Arrivals Thread Group - Limitation-ThreadStarter 1-65,text,true,,10546,291,99,99,http://blazedemo.com//purchase.php,474,0,225
1560681854099,501,Landing page,200,OK,bzm - Arrivals Thread Group - Limitation-ThreadStarter 1-64,text,true,,8550,117,99,99,http://blazedemo.com//,501,0,232
1560681854595,451,Landing page,200,OK,bzm - Arrivals Thread Group - Limitation-ThreadStarter 1-65,text,true,,8550,117,99,99,http://blazedemo.com//,451,0,221
1560681854671,460,Purchase ticket,200,OK,bzm - Arrivals Thread Group - Limitation-ThreadStarter 1-67,text,true,,10552,297,100,100,http://blazedemo.com//purchase.php,459,0,224
1560681855097,465,Landing page,200,OK,bzm - Arrivals Thread Group - Limitation-ThreadStarter 1-58,text,true,,8550,117,99,99,http://blazedemo.com//,464,0,229
1560681855149,420,Purchase ticket,200,OK,bzm - Arrivals Thread Group - Limitation-ThreadStarter 1-68,text,true,,10551,296,99,99,http://blazedemo.com//purchase.php,420,0,205
1560681855164,463,Purchase ticket,200,OK,bzm - Arrivals Thread Group - Limitation-ThreadStarter 1-66,text,true,,10545,290,99,99,http://blazedemo.com//purchase.php,463,0,225
1560681855599,443,Landing page,200,OK,bzm - Arrivals Thread Group - Limitation-ThreadStarter 1-67,text,true,,8550,117,98,98,http://blazedemo.com//,443,0,219
1560681855660,500,Purchase ticket,200,OK,bzm - Arrivals Thread Group - Limitation-ThreadStarter 1-69,text,true,,10549,294,99,99,http://blazedemo.com//purchase.php,500,0,261
1560681856099,440,Landing page,200,OK,bzm - Arrivals Thread Group - Limitation-ThreadStarter 1-66,text,true,,8550,117,98,98,http://blazedemo.com//,440,0,212
1560681856222,472,Purchase ticket,200,OK,bzm - Arrivals Thread Group - Limitation-ThreadStarter 1-70,text,true,,10544,289,99,99,http://blazedemo.com//purchase.php,472,0,235
1560681856596,484,Landing page,200,OK,bzm - Arrivals Thread Group - Limitation-ThreadStarter 1-69,text,true,,8550,117,98,98,http://blazedemo.com//,480,0,245
1560681856676,438,Purchase ticket,200,OK,bzm - Arrivals Thread Group - Limitation-ThreadStarter 1-71,text,true,,10547,292,99,99,http://blazedemo.com//purchase.php,438,0,213
1560681857100,458,Landing page,200,OK,bzm - Arrivals Thread Group - Limitation-ThreadStarter 1-70,text,true,,8550,117,98,98,http://blazedemo.com//,458,0,216
1560681857170,447,Purchase ticket,200,OK,bzm - Arrivals Thread Group - Limitation-ThreadStarter 1-72,text,true,,10549,294,99,99,http://blazedemo.com//purchase.php,447,0,214
1560681857680,1047,Purchase ticket,200,OK,bzm - Arrivals Thread Group - Limitation-ThreadStarter 1-73,text,true,,10550,295,100,100,http://blazedemo.com//purchase.php,1033,0,816
1560681858221,506,Purchase ticket,200,OK,bzm - Arrivals Thread Group - Limitation-ThreadStarter 1-74,text,true,,10549,294,99,99,http://blazedemo.com//purchase.php,506,0,276
1560681857599,1136,Landing page,200,OK,bzm - Arrivals Thread Group - Limitation-ThreadStarter 1-71,text,true,,8550,117,98,98,http://blazedemo.com//,1135,0,898
1560681858598,444,Landing page,200,OK,bzm - Arrivals Thread Group - Limitation-ThreadStarter 1-68,text,true,,8550,117,98,98,http://blazedemo.com//,443,0,215
1560681858697,464,Purchase ticket,200,OK,bzm - Arrivals Thread Group - Limitation-ThreadStarter 1-75,text,true,,10545,290,99,99,http://blazedemo.com//purchase.php,461,0,228
1560681859097,482,Landing page,200,OK,bzm - Arrivals Thread Group - Limitation-ThreadStarter 1-73,text,true,,8550,117,98,98,http://blazedemo.com//,482,0,248
1560681858098,1489,Landing page,200,OK,bzm - Arrivals Thread Group - Limitation-ThreadStarter 1-72,text,true,,8550,117,98,98,http://blazedemo.com//,1483,0,1247
1560681859161,460,Purchase ticket,200,OK,bzm - Arrivals Thread Group - Limitation-ThreadStarter 1-76,text,true,,10552,296,99,99,http://blazedemo.com//purchase.php,460,0,226
1560681859596,445,Landing page,200,OK,bzm - Arrivals Thread Group - Limitation-ThreadStarter 1-75,text,true,,8550,117,98,98,http://blazedemo.com//,444,0,218
1560681859706,464,Purchase ticket,200,OK,bzm - Arrivals Thread Group - Limitation-ThreadStarter 1-77,text,true,,10549,294,99,99,http://blazedemo.com//purchase.php,464,0,229
1560681860099,444,Landing page,200,OK,bzm - Arrivals Thread Group - Limitation-ThreadStarter 1-76,text,true,,8550,117,98,98,http://blazedemo.com//,444,0,218
1560681860241,463,Purchase ticket,200,OK,bzm - Arrivals Thread Group - Limitation-ThreadStarter 1-78,text,true,,10547,292,99,99,http://blazedemo.com//purchase.php,463,0,224
1560681860597,458,Landing page,200,OK,bzm - Arrivals Thread Group - Limitation-ThreadStarter 1-77,text,true,,8550,117,98,98,http://blazedemo.com//,458,0,236
1560681860691,444,Purchase ticket,200,OK,bzm - Arrivals Thread Group - Limitation-ThreadStarter 1-79,text,true,,10551,296,99,99,http://blazedemo.com//purchase.php,444,0,216
1560681861099,458,Landing page,200,OK,bzm - Arrivals Thread Group - Limitation-ThreadStarter 1-74,text,true,,8550,117,98,98,http://blazedemo.com//,458,0,214
1560681861170,478,Purchase ticket,200,OK,bzm - Arrivals Thread Group - Limitation-ThreadStarter 1-80,text,true,,10545,290,99,99,http://blazedemo.com//purchase.php,477,0,216
1560681861596,504,Landing page,200,OK,bzm - Arrivals Thread Group - Limitation-ThreadStarter 1-79,text,true,,8550,117,99,99,http://blazedemo.com//,503,0,226
1560681861690,448,Purchase ticket,200,OK,bzm - Arrivals Thread Group - Limitation-ThreadStarter 1-81,text,true,,10546,291,99,99,http://blazedemo.com//purchase.php,442,0,216
1560681862096,458,Landing page,200,OK,bzm - Arrivals Thread Group - Limitation-ThreadStarter 1-80,text,true,,8550,117,98,98,http://blazedemo.com//,458,0,223
1560681862276,470,Purchase ticket,200,OK,bzm - Arrivals Thread Group - Limitation-ThreadStarter 1-82,text,true,,10546,291,99,99,http://blazedemo.com//purchase.php,470,0,224
1560681862599,473,Landing page,200,OK,bzm - Arrivals Thread Group - Limitation-ThreadStarter 1-78,text,true,,8550,117,98,98,http://blazedemo.com//,473,0,216
1560681862738,457,Purchase ticket,200,OK,bzm - Arrivals Thread Group - Limitation-ThreadStarter 1-83,text,true,,10551,296,99,99,http://blazedemo.com//purchase.php,457,0,222
1560681863099,505,Landing page,200,OK,bzm - Arrivals Thread Group - Limitation-ThreadStarter 1-81,text,true,,8550,117,99,99,http://blazedemo.com//,505,0,224
1560681863233,463,Purchase ticket,200,OK,bzm - Arrivals Thread Group - Limitation-ThreadStarter 1-84,text,true,,10549,294,99,99,http://blazedemo.com//purchase.php,462,0,213
1560681863635,489,Purchase ticket,200,OK,bzm - Arrivals Thread Group - Limitation-ThreadStarter 1-85,text,true,,10551,296,99,99,http://blazedemo.com//purchase.php,481,0,245
1560681864097,473,Landing page,200,OK,bzm - Arrivals Thread Group - Limitation-ThreadStarter 1-84,text,true,,8550,117,98,98,http://blazedemo.com//,473,0,221
1560681864160,478,Purchase ticket,200,OK,bzm - Arrivals Thread Group - Limitation-ThreadStarter 1-86,text,true,,10549,295,99,99,http://blazedemo.com//purchase.php,478,0,236
1560681864595,480,Landing page,200,OK,bzm - Arrivals Thread Group - Limitation-ThreadStarter 1-85,text,true,,8550,117,98,98,http://blazedemo.com//,479,0,235
1560681863596,1479,Landing page,200,OK,bzm - Arrivals Thread Group - Limitation-ThreadStarter 1-83,text,true,,8550,117,98,98,http://blazedemo.com//,1479,0,1234
1560681864657,460,Purchase ticket,200,OK,bzm - Arrivals Thread Group - Limitation-ThreadStarter 1-87,text,true,,10549,294,99,99,http://blazedemo.com//purchase.php,460,0,222
1560681865095,458,Landing page,200,OK,bzm - Arrivals Thread Group - Limitation-ThreadStarter 1-86,text,true,,8550,117,98,98,http://blazedemo.com//,438,0,215
1560681865598,499,Landing page,200,OK,bzm - Arrivals Thread Group - Limitation-ThreadStarter 1-87,text,true,,8550,117,99,99,http://blazedemo.com//,494,0,260
1560681865190,1431,Purchase ticket,200,OK,bzm - Arrivals Thread Group - Limitation-ThreadStarter 1-88,text,true,,10552,297,99,99,http://blazedemo.com//purchase.php,1431,0,1209
1560681866660,432,Purchase ticket,200,OK,bzm - Arrivals Thread Group - Limitation-ThreadStarter 1-89,text,true,,10553,297,98,98,http://blazedemo.com//purchase.php,432,0,208
1560681866661,460,Purchase ticket,200,OK,bzm - Arrivals Thread Group - Limitation-ThreadStarter 1-91,text,true,,10550,295,97,97,http://blazedemo.com//purchase.php,460,0,224
1560681867001,465,Purchase ticket,200,OK,bzm - Arrivals Thread Group - Limitation-ThreadStarter 1-92,text,true,,10551,295,96,96,http://blazedemo.com//purchase.php,462,0,214
1560681867046,480,Purchase ticket,200,OK,bzm - Arrivals Thread Group - Limitation-ThreadStarter 1-90,text,true,,10547,292,95,95,http://blazedemo.com//purchase.php,480,0,218
1560681867526,1342,Purchase ticket,200,OK,bzm - Arrivals Thread Group - Limitation-ThreadStarter 1-93,text,true,,10552,296,94,94,http://blazedemo.com//purchase.php,1342,0,227
1560681868938,561,Purchase ticket,200,OK,bzm - Arrivals Thread Group - Limitation-ThreadStarter 1-94,text,true,,10550,295,93,93,http://blazedemo.com//purchase.php,561,0,332
1560681868938,575,Purchase ticket,200,OK,bzm - Arrivals Thread Group - Limitation-ThreadStarter 1-95,text,true,,10549,294,92,92,http://blazedemo.com//purchase.php,575,0,332
1560681869162,503,Purchase ticket,200,OK,bzm - Arrivals Thread Group - Limitation-ThreadStarter 1-96,text,true,,10546,291,91,91,http://blazedemo.com//purchase.php,468,0,230
1560681869519,467,Purchase ticket,200,OK,bzm - Arrivals Thread Group - Limitation-ThreadStarter 1-97,text,true,,10551,295,90,90,http://blazedemo.com//purchase.php,458,0,224
1560681869988,535,Purchase ticket,200,OK,bzm - Arrivals Thread Group - Limitation-ThreadStarter 1-98,text,true,,10546,291,89,89,http://blazedemo.com//purchase.php,535,0,277
1560681870056,467,Search,200,OK,bzm - Arrivals Thread Group - Limitation-ThreadStarter 1-1,text,true,,11193,247,89,89,http://blazedemo.com//reserve.php,467,0,225
1560681870535,446,Search,200,OK,bzm - Arrivals Thread Group - Limitation-ThreadStarter 1-2,text,true,,11185,247,88,88,http://blazedemo.com//reserve.php,446,0,216
1560681870518,478,Purchase ticket,200,OK,bzm - Arrivals Thread Group - Limitation-ThreadStarter 1-99,text,true,,10545,290,88,88,http://blazedemo.com//purchase.php,477,0,233
1560681871040,454,Search,200,OK,bzm - Arrivals Thread Group - Limitation-ThreadStarter 1-4,text,true,,11186,247,87,87,http://blazedemo.com//reserve.php,454,0,221
1560681871100,451,Purchase ticket,200,OK,bzm - Arrivals Thread Group - Limitation-ThreadStarter 1-100,text,true,,10547,292,87,87,http://blazedemo.com//purchase.php,451,0,214
1560681871540,499,Search,200,OK,bzm - Arrivals Thread Group - Limitation-ThreadStarter 1-3,text,true,,11185,247,86,86,http://blazedemo.com//reserve.php,498,0,223
1560681872049,519,Search,200,OK,bzm - Arrivals Thread Group - Limitation-ThreadStarter 1-5,text,true,,11185,247,86,86,http://blazedemo.com//reserve.php,519,0,262
1560681873091,449,Search,200,OK,bzm - Arrivals Thread Group - Limitation-ThreadStarter 1-6,text,true,,11186,247,86,86,http://blazedemo.com//reserve.php,449,0,218
1560681874086,448,Search,200,OK,bzm - Arrivals Thread Group - Limitation-ThreadStarter 1-7,text,true,,11185,247,86,86,http://blazedemo.com//reserve.php,448,0,219
1560681875047,466,Search,200,OK,bzm - Arrivals Thread Group - Limitation-ThreadStarter 1-8,text,true,,11185,247,86,86,http://blazedemo.com//reserve.php,466,0,230
1560681876051,503,Search,200,OK,bzm - Arrivals Thread Group - Limitation-ThreadStarter 1-9,text,true,,11185,247,86,86,http://blazedemo.com//reserve.php,503,0,233
1560681877061,453,Search,200,OK,bzm - Arrivals Thread Group - Limitation-ThreadStarter 1-10,text,true,,11185,247,86,86,http://blazedemo.com//reserve.php,453,0,234
1560681878060,510,Search,200,OK,bzm - Arrivals Thread Group - Limitation-ThreadStarter 1-11,text,true,,11185,247,86,86,http://blazedemo.com//reserve.php,510,0,228
1560681879570,471,Search,200,OK,bzm - Arrivals Thread Group - Limitation-ThreadStarter 1-12,text,true,,11185,247,86,86,http://blazedemo.com//reserve.php,471,0,233
1560681880082,509,Search,200,OK,bzm - Arrivals Thread Group - Limitation-ThreadStarter 1-13,text,true,,11185,247,86,86,http://blazedemo.com//reserve.php,509,0,282
1560681882053,762,Search,200,OK,bzm - Arrivals Thread Group - Limitation-ThreadStarter 1-15,text,true,,11185,247,86,86,http://blazedemo.com//reserve.php,762,0,462
1560681881049,1772,Search,200,OK,bzm - Arrivals Thread Group - Limitation-ThreadStarter 1-14,text,true,,11185,247,86,86,http://blazedemo.com//reserve.php,1766,0,1466
1560681883065,448,Search,200,OK,bzm - Arrivals Thread Group - Limitation-ThreadStarter 1-16,text,true,,11185,247,86,86,http://blazedemo.com//reserve.php,448,0,220
1560681884126,501,Search,200,OK,bzm - Arrivals Thread Group - Limitation-ThreadStarter 1-17,text,true,,11185,247,86,86,http://blazedemo.com//reserve.php,501,0,226
1560681885061,478,Search,200,OK,bzm - Arrivals Thread Group - Limitation-ThreadStarter 1-18,text,true,,11185,247,86,86,http://blazedemo.com//reserve.php,478,0,218
1560681886068,493,Search,200,OK,bzm - Arrivals Thread Group - Limitation-ThreadStarter 1-19,text,true,,11185,247,86,86,http://blazedemo.com//reserve.php,493,0,248
1560681887051,517,Search,200,OK,bzm - Arrivals Thread Group - Limitation-ThreadStarter 1-20,text,true,,11185,247,86,86,http://blazedemo.com//reserve.php,516,0,289
1560681888043,479,Search,200,OK,bzm - Arrivals Thread Group - Limitation-ThreadStarter 1-21,text,true,,11185,247,86,86,http://blazedemo.com//reserve.php,479,0,224
1560681889077,528,Search,200,OK,bzm - Arrivals Thread Group - Limitation-ThreadStarter 1-22,text,true,,11185,247,86,86,http://blazedemo.com//reserve.php,527,0,229
1560681890105,459,Search,200,OK,bzm - Arrivals Thread Group - Limitation-ThreadStarter 1-23,text,true,,11185,247,86,86,http://blazedemo.com//reserve.php,459,0,230
1560681891071,478,Search,200,OK,bzm - Arrivals Thread Group - Limitation-ThreadStarter 1-24,text,true,,11185,247,86,86,http://blazedemo.com//reserve.php,478,0,228
1560681892045,472,Search,200,OK,bzm - Arrivals Thread Group - Limitation-ThreadStarter 1-25,text,true,,11186,247,86,86,http://blazedemo.com//reserve.php,472,0,229
1560681893035,468,Search,200,OK,bzm - Arrivals Thread Group - Limitation-ThreadStarter 1-26,text,true,,11186,247,86,86,http://blazedemo.com//reserve.php,468,0,231
1560681894066,472,Search,200,OK,bzm - Arrivals Thread Group - Limitation-ThreadStarter 1-27,text,true,,11185,247,86,86,http://blazedemo.com//reserve.php,472,0,235
1560681895044,480,Search,200,OK,bzm - Arrivals Thread Group - Limitation-ThreadStarter 1-28,text,true,,11185,247,86,86,http://blazedemo.com//reserve.php,473,0,222
1560681897570,603,Search,200,OK,bzm - Arrivals Thread Group - Limitation-ThreadStarter 1-29,text,true,,11185,247,86,86,http://blazedemo.com//reserve.php,603,0,361
1560681898079,490,Search,200,OK,bzm - Arrivals Thread Group - Limitation-ThreadStarter 1-31,text,true,,11185,247,86,86,http://blazedemo.com//reserve.php,490,0,228
1560681898541,478,Search,200,OK,bzm - Arrivals Thread Group - Limitation-ThreadStarter 1-30,text,true,,11185,247,86,86,http://blazedemo.com//reserve.php,477,0,231
1560681899573,637,Search,200,OK,bzm - Arrivals Thread Group - Limitation-ThreadStarter 1-33,text,true,,11186,247,86,86,http://blazedemo.com//reserve.php,637,0,239
1560681900067,448,Search,200,OK,bzm - Arrivals Thread Group - Limitation-ThreadStarter 1-35,text,true,,11186,247,86,86,http://blazedemo.com//reserve.php,448,0,215
1560681899290,1555,Search,200,OK,bzm - Arrivals Thread Group - Limitation-ThreadStarter 1-32,text,true,,11186,247,86,86,http://blazedemo.com//reserve.php,1554,0,1299
1560681900541,461,Search,200,OK,bzm - Arrivals Thread Group - Limitation-ThreadStarter 1-36,text,true,,11186,247,86,86,http://blazedemo.com//reserve.php,461,0,229
1560681901089,450,Search,200,OK,bzm - Arrivals Thread Group - Limitation-ThreadStarter 1-37,text,true,,11186,247,86,86,http://blazedemo.com//reserve.php,449,0,207
1560681901561,468,Search,200,OK,bzm - Arrivals Thread Group - Limitation-ThreadStarter 1-34,text,true,,11186,247,86,86,http://blazedemo.com//reserve.php,468,0,206
1560681902227,496,Search,200,OK,bzm - Arrivals Thread Group - Limitation-ThreadStarter 1-39,text,true,,11186,247,86,86,http://blazedemo.com//reserve.php,496,0,250
1560681902558,449,Search,200,OK,bzm - Arrivals Thread Group - Limitation-ThreadStarter 1-40,text,true,,11186,247,86,86,http://blazedemo.com//reserve.php,449,0,218
1560681903039,455,Search,200,OK,bzm - Arrivals Thread Group - Limitation-ThreadStarter 1-41,text,true,,11186,247,86,86,http://blazedemo.com//reserve.php,455,0,223
1560681903573,460,Search,200,OK,bzm - Arrivals Thread Group - Limitation-ThreadStarter 1-42,text,true,,11185,247,86,86,http://blazedemo.com//reserve.php,460,0,223
1560681904598,478,Search,200,OK,bzm - Arrivals Thread Group - Limitation-ThreadStarter 1-44,text,true,,11185,247,86,86,http://blazedemo.com//reserve.php,478,0,233
1560681904085,1328,Search,200,OK,bzm - Arrivals Thread Group - Limitation-ThreadStarter 1-43,text,true,,11185,247,86,86,http://blazedemo.com//reserve.php,1322,0,224
1560681905144,474,Search,200,OK,bzm - Arrivals Thread Group - Limitation-ThreadStarter 1-45,text,true,,11186,247,86,86,http://blazedemo.com//reserve.php,474,0,229
1560681906057,603,Search,200,OK,bzm - Arrivals Thread Group - Limitation-ThreadStarter 1-47,text,true,,11185,247,86,86,http://blazedemo.com//reserve.php,603,0,227
1560681906561,518,Search,200,OK,bzm - Arrivals Thread Group - Limitation-ThreadStarter 1-48,text,true,,11185,247,86,86,http://blazedemo.com//reserve.php,506,0,264
1560681905727,1471,Search,200,OK,bzm - Arrivals Thread Group - Limitation-ThreadStarter 1-38,text,true,,11185,247,86,86,http://blazedemo.com//reserve.php,1471,0,1230
1560681908061,431,Search,200,OK,bzm - Arrivals Thread Group - Limitation-ThreadStarter 1-51,text,true,,11185,247,86,86,http://blazedemo.com//reserve.php,430,0,213
1560681907056,2367,Search,200,OK,bzm - Arrivals Thread Group - Limitation-ThreadStarter 1-49,text,true,,11185,247,86,86,http://blazedemo.com//reserve.php,2367,0,1243
1560681909127,540,Search,200,OK,bzm - Arrivals Thread Group - Limitation-ThreadStarter 1-50,text,true,,11186,247,86,86,http://blazedemo.com//reserve.php,540,0,215
1560681909527,486,Search,200,OK,bzm - Arrivals Thread Group - Limitation-ThreadStarter 1-54,text,true,,11185,247,86,86,http://blazedemo.com//reserve.php,486,0,229
1560681908541,1473,Search,200,OK,bzm - Arrivals Thread Group - Limitation-ThreadStarter 1-46,text,true,,11185,247,86,86,http://blazedemo.com//reserve.php,1472,0,1233
1560681909891,514,Search,200,OK,bzm - Arrivals Thread Group - Limitation-ThreadStarter 1-53,text,true,,11185,247,86,86,http://blazedemo.com//reserve.php,512,0,278
1560681910051,495,Search,200,OK,bzm - Arrivals Thread Group - Limitation-ThreadStarter 1-52,text,true,,11185,247,86,86,http://blazedemo.com//reserve.php,495,0,268
1560681910570,457,Search,200,OK,bzm - Arrivals Thread Group - Limitation-ThreadStarter 1-56,text,true,,11185,247,86,86,http://blazedemo.com//reserve.php,457,0,224
1560681911061,443,Search,200,OK,bzm - Arrivals Thread Group - Limitation-ThreadStarter 1-57,text,true,,11185,247,86,86,http://blazedemo.com//reserve.php,442,0,217
1560681911561,444,Search,200,OK,bzm - Arrivals Thread Group - Limitation-ThreadStarter 1-55,text,true,,11185,247,86,86,http://blazedemo.com//reserve.php,444,0,216
1560681912041,465,Search,200,OK,bzm - Arrivals Thread Group - Limitation-ThreadStarter 1-59,text,true,,11185,247,86,86,http://blazedemo.com//reserve.php,465,0,226
1560681912541,489,Search,200,OK,bzm - Arrivals Thread Group - Limitation-ThreadStarter 1-60,text,true,,11185,247,86,86,http://blazedemo.com//reserve.php,489,0,238
1560681913066,465,Search,200,OK,bzm - Arrivals Thread Group - Limitation-ThreadStarter 1-61,text,true,,11186,247,86,86,http://blazedemo.com//reserve.php,465,0,225
1560681913547,464,Search,200,OK,bzm - Arrivals Thread Group - Limitation-ThreadStarter 1-62,text,true,,11185,247,86,86,http://blazedemo.com//reserve.php,440,0,214
1560681914074,528,Search,200,OK,bzm - Arrivals Thread Group - Limitation-ThreadStarter 1-63,text,true,,11185,247,86,86,http://blazedemo.com//reserve.php,527,0,226
1560681914602,444,Search,200,OK,bzm - Arrivals Thread Group - Limitation-ThreadStarter 1-64,text,true,,11185,247,86,86,http://blazedemo.com//reserve.php,444,0,219
1560681915048,496,Search,200,OK,bzm - Arrivals Thread Group - Limitation-ThreadStarter 1-65,text,true,,11185,247,86,86,http://blazedemo.com//reserve.php,496,0,259
1560681916044,464,Search,200,OK,bzm - Arrivals Thread Group - Limitation-ThreadStarter 1-67,text,true,,11185,247,86,86,http://blazedemo.com//reserve.php,463,0,215
1560681915564,1279,Search,200,OK,bzm - Arrivals Thread Group - Limitation-ThreadStarter 1-58,text,true,,11185,247,86,86,http://blazedemo.com//reserve.php,1272,0,213
1560681916541,450,Search,200,OK,bzm - Arrivals Thread Group - Limitation-ThreadStarter 1-66,text,true,,11185,247,86,86,http://blazedemo.com//reserve.php,449,0,214
1560681917563,468,Search,200,OK,bzm - Arrivals Thread Group - Limitation-ThreadStarter 1-70,text,true,,11185,247,86,86,http://blazedemo.com//reserve.php,468,0,226
1560681917082,1329,Search,200,OK,bzm - Arrivals Thread Group - Limitation-ThreadStarter 1-69,text,true,,11185,247,86,86,http://blazedemo.com//reserve.php,1329,0,225
1560681918741,479,Search,200,OK,bzm - Arrivals Thread Group - Limitation-ThreadStarter 1-71,text,true,,11185,247,86,86,http://blazedemo.com//reserve.php,478,0,240
1560681919045,452,Search,200,OK,bzm - Arrivals Thread Group - Limitation-ThreadStarter 1-68,text,true,,11185,247,86,86,http://blazedemo.com//reserve.php,451,0,221
1560681919584,444,Search,200,OK,bzm - Arrivals Thread Group - Limitation-ThreadStarter 1-73,text,true,,11185,247,86,86,http://blazedemo.com//reserve.php,443,0,216
1560681919589,496,Search,200,OK,bzm - Arrivals Thread Group - Limitation-ThreadStarter 1-72,text,true,,11185,247,86,86,http://blazedemo.com//reserve.php,496,0,217
1560681920044,490,Search,200,OK,bzm - Arrivals Thread Group - Limitation-ThreadStarter 1-75,text,true,,11185,247,86,86,http://blazedemo.com//reserve.php,490,0,224
1560681920544,444,Search,200,OK,bzm - Arrivals Thread Group - Limitation-ThreadStarter 1-76,text,true,,11185,247,86,86,http://blazedemo.com//reserve.php,443,0,218
1560681921061,438,Search,200,OK,bzm - Arrivals Thread Group - Limitation-ThreadStarter 1-77,text,true,,11185,247,86,86,http://blazedemo.com//reserve.php,437,0,213
1560681921561,460,Search,200,OK,bzm - Arrivals Thread Group - Limitation-ThreadStarter 1-74,text,true,,11185,247,86,86,http://blazedemo.com//reserve.php,460,0,222
1560681922102,447,Search,200,OK,bzm - Arrivals Thread Group - Limitation-ThreadStarter 1-79,text,true,,11186,247,86,86,http://blazedemo.com//reserve.php,447,0,216
1560681922556,438,Search,200,OK,bzm - Arrivals Thread Group - Limitation-ThreadStarter 1-80,text,true,,11185,247,86,86,http://blazedemo.com//reserve.php,437,0,213
1560681923077,454,Search,200,OK,bzm - Arrivals Thread Group - Limitation-ThreadStarter 1-78,text,true,,11185,247,86,86,http://blazedemo.com//reserve.php,450,0,216
1560681923606,459,Search,200,OK,bzm - Arrivals Thread Group - Limitation-ThreadStarter 1-81,text,true,,11185,247,86,86,http://blazedemo.com//reserve.php,459,0,210
1560681924574,466,Search,200,OK,bzm - Arrivals Thread Group - Limitation-ThreadStarter 1-84,text,true,,11185,247,86,86,http://blazedemo.com//reserve.php,466,0,227
1560681925077,446,Search,200,OK,bzm - Arrivals Thread Group - Limitation-ThreadStarter 1-85,text,true,,11185,247,86,86,http://blazedemo.com//reserve.php,446,0,216
1560681925077,480,Search,200,OK,bzm - Arrivals Thread Group - Limitation-ThreadStarter 1-83,text,true,,11185,247,86,86,http://blazedemo.com//reserve.php,480,0,224
1560681925556,459,Search,200,OK,bzm - Arrivals Thread Group - Limitation-ThreadStarter 1-86,text,true,,11185,247,86,86,http://blazedemo.com//reserve.php,459,0,224
1560681926103,467,Search,200,OK,bzm - Arrivals Thread Group - Limitation-ThreadStarter 1-87,text,true,,11185,247,86,86,http://blazedemo.com//reserve.php,460,0,223
1560681930527,438,Purchase ticket,200,OK,bzm - Arrivals Thread Group - Limitation-ThreadStarter 1-1,text,true,,10545,290,86,86,http://blazedemo.com//purchase.php,436,0,213
1560681930984,474,Purchase ticket,200,OK,bzm - Arrivals Thread Group - Limitation-ThreadStarter 1-2,text,true,,10550,294,85,85,http://blazedemo.com//purchase.php,474,0,222
1560681931497,427,Purchase ticket,200,OK,bzm - Arrivals Thread Group - Limitation-ThreadStarter 1-4,text,true,,10546,291,84,84,http://blazedemo.com//purchase.php,426,0,204
1560681932042,517,Purchase ticket,200,OK,bzm - Arrivals Thread Group - Limitation-ThreadStarter 1-3,text,true,,10549,294,83,83,http://blazedemo.com//purchase.php,517,0,273
1560681932574,462,Purchase ticket,200,OK,bzm - Arrivals Thread Group - Limitation-ThreadStarter 1-5,text,true,,10553,297,82,82,http://blazedemo.com//purchase.php,462,0,225
1560681933545,472,Purchase ticket,200,OK,bzm - Arrivals Thread Group - Limitation-ThreadStarter 1-6,text,true,,10533,296,81,81,http://blazedemo.com//purchase.php,469,0,238
1560681934540,507,Purchase ticket,200,OK,bzm - Arrivals Thread Group - Limitation-ThreadStarter 1-7,text,true,,10547,292,80,80,http://blazedemo.com//purchase.php,507,0,231
1560681935521,452,Purchase ticket,200,OK,bzm - Arrivals Thread Group - Limitation-ThreadStarter 1-8,text,true,,10550,295,79,79,http://blazedemo.com//purchase.php,451,0,207
1560681936556,467,Purchase ticket,200,OK,bzm - Arrivals Thread Group - Limitation-ThreadStarter 1-9,text,true,,10544,289,78,78,http://blazedemo.com//purchase.php,467,0,224
1560681937521,472,Purchase ticket,200,OK,bzm - Arrivals Thread Group - Limitation-ThreadStarter 1-10,text,true,,10551,296,77,77,http://blazedemo.com//purchase.php,472,0,219
1560681938574,469,Purchase ticket,200,OK,bzm - Arrivals Thread Group - Limitation-ThreadStarter 1-11,text,true,,10547,292,76,76,http://blazedemo.com//purchase.php,469,0,228
1560681940043,465,Purchase ticket,200,OK,bzm - Arrivals Thread Group - Limitation-ThreadStarter 1-12,text,true,,10550,295,75,75,http://blazedemo.com//purchase.php,464,0,226
1560681940594,571,Purchase ticket,200,OK,bzm - Arrivals Thread Group - Limitation-ThreadStarter 1-13,text,true,,10551,296,74,74,http://blazedemo.com//purchase.php,569,0,223
1560681942819,457,Purchase ticket,200,OK,bzm - Arrivals Thread Group - Limitation-ThreadStarter 1-15,text,true,,10552,297,73,73,http://blazedemo.com//purchase.php,457,0,229
1560681942828,480,Purchase ticket,200,OK,bzm - Arrivals Thread Group - Limitation-ThreadStarter 1-14,text,true,,10545,290,72,72,http://blazedemo.com//purchase.php,473,0,237
1560681943516,481,Purchase ticket,200,OK,bzm - Arrivals Thread Group - Limitation-ThreadStarter 1-16,text,true,,10544,289,71,71,http://blazedemo.com//purchase.php,480,0,243
1560681944634,421,Purchase ticket,200,OK,bzm - Arrivals Thread Group - Limitation-ThreadStarter 1-17,text,true,,10552,297,70,70,http://blazedemo.com//purchase.php,421,0,200
1560681945545,461,Purchase ticket,200,OK,bzm - Arrivals Thread Group - Limitation-ThreadStarter 1-18,text,true,,10551,296,69,69,http://blazedemo.com//purchase.php,461,0,223
1560681946564,440,Purchase ticket,200,OK,bzm - Arrivals Thread Group - Limitation-ThreadStarter 1-19,text,true,,10552,297,68,68,http://blazedemo.com//purchase.php,440,0,210
1560681947570,445,Purchase ticket,200,OK,bzm - Arrivals Thread Group - Limitation-ThreadStarter 1-20,text,true,,10544,289,67,67,http://blazedemo.com//purchase.php,443,0,215
1560681948527,445,Purchase ticket,200,OK,bzm - Arrivals Thread Group - Limitation-ThreadStarter 1-21,text,true,,10551,296,66,66,http://blazedemo.com//purchase.php,445,0,216
1560681949607,469,Purchase ticket,200,OK,bzm - Arrivals Thread Group - Limitation-ThreadStarter 1-22,text,true,,10552,296,65,65,http://blazedemo.com//purchase.php,467,0,229
1560681950566,1444,Purchase ticket,200,OK,bzm - Arrivals Thread Group - Limitation-ThreadStarter 1-23,text,true,,10552,297,64,64,http://blazedemo.com//purchase.php,1443,0,1216
1560681951552,467,Purchase ticket,200,OK,bzm - Arrivals Thread Group - Limitation-ThreadStarter 1-24,text,true,,10545,290,63,63,http://blazedemo.com//purchase.php,467,0,225
1560681952520,462,Purchase ticket,200,OK,bzm - Arrivals Thread Group - Limitation-ThreadStarter 1-25,text,true,,10549,294,62,62,http://blazedemo.com//purchase.php,461,0,223
1560681953506,471,Purchase ticket,200,OK,bzm - Arrivals Thread Group - Limitation-ThreadStarter 1-26,text,true,,10552,296,61,61,http://blazedemo.com//purchase.php,471,0,229
1560681954544,1329,Purchase ticket,200,OK,bzm - Arrivals Thread Group - Limitation-ThreadStarter 1-27,text,true,,10549,294,60,60,http://blazedemo.com//purchase.php,1329,0,222
1560681955531,461,Purchase ticket,200,OK,bzm - Arrivals Thread Group - Limitation-ThreadStarter 1-28,text,true,,10550,295,59,59,http://blazedemo.com//purchase.php,460,0,234
1560681958178,466,Purchase ticket,200,OK,bzm - Arrivals Thread Group - Limitation-ThreadStarter 1-29,text,true,,10544,289,58,58,http://blazedemo.com//purchase.php,466,0,223
1560681958574,469,Purchase ticket,200,OK,bzm - Arrivals Thread Group - Limitation-ThreadStarter 1-31,text,true,,10552,296,57,57,http://blazedemo.com//purchase.php,468,0,223
1560681959023,467,Purchase ticket,200,OK,bzm - Arrivals Thread Group - Limitation-ThreadStarter 1-30,text,true,,10546,291,56,56,http://blazedemo.com//purchase.php,467,0,225
1560681960215,466,Purchase ticket,200,OK,bzm - Arrivals Thread Group - Limitation-ThreadStarter 1-33,text,true,,10549,294,55,55,http://blazedemo.com//purchase.php,466,0,225
1560681960518,445,Purchase ticket,200,OK,bzm - Arrivals Thread Group - Limitation-ThreadStarter 1-35,text,true,,10550,295,54,54,http://blazedemo.com//purchase.php,445,0,217
1560681960847,662,Purchase ticket,200,OK,bzm - Arrivals Thread Group - Limitation-ThreadStarter 1-32,text,true,,10549,294,53,53,http://blazedemo.com//purchase.php,662,0,375
1560681961008,548,Purchase ticket,200,OK,bzm - Arrivals Thread Group - Limitation-ThreadStarter 1-36,text,true,,10550,294,52,52,http://blazedemo.com//purchase.php,548,0,265
1560681961544,526,Purchase ticket,200,OK,bzm - Arrivals Thread Group - Limitation-ThreadStarter 1-37,text,true,,10550,295,51,51,http://blazedemo.com//purchase.php,525,0,262
1560681962031,597,Purchase ticket,200,OK,bzm - Arrivals Thread Group - Limitation-ThreadStarter 1-34,text,true,,10547,291,50,50,http://blazedemo.com//purchase.php,597,0,289
1560681962728,613,Purchase ticket,200,OK,bzm - Arrivals Thread Group - Limitation-ThreadStarter 1-39,text,true,,10550,295,49,49,http://blazedemo.com//purchase.php,605,0,289
1560681963013,542,Purchase ticket,200,OK,bzm - Arrivals Thread Group - Limitation-ThreadStarter 1-40,text,true,,10550,295,48,48,http://blazedemo.com//purchase.php,542,0,262
1560681963500,562,Purchase ticket,200,OK,bzm - Arrivals Thread Group - Limitation-ThreadStarter 1-41,text,true,,10545,290,47,47,http://blazedemo.com//purchase.php,562,0,281
1560681964038,1591,Purchase ticket,200,OK,bzm - Arrivals Thread Group - Limitation-ThreadStarter 1-42,text,true,,10551,296,46,46,http://blazedemo.com//purchase.php,1591,0,1271
1560681965079,562,Purchase ticket,200,OK,bzm - Arrivals Thread Group - Limitation-ThreadStarter 1-44,text,true,,10549,294,45,45,http://blazedemo.com//purchase.php,562,0,267
1560681965415,579,Purchase ticket,200,OK,bzm - Arrivals Thread Group - Limitation-ThreadStarter 1-43,text,true,,10551,295,44,44,http://blazedemo.com//purchase.php,578,0,284
1560681965620,581,Purchase ticket,200,OK,bzm - Arrivals Thread Group - Limitation-ThreadStarter 1-45,text,true,,10546,290,43,43,http://blazedemo.com//purchase.php,581,0,305
1560681966664,544,Purchase ticket,200,OK,bzm - Arrivals Thread Group - Limitation-ThreadStarter 1-47,text,true,,10547,292,42,42,http://blazedemo.com//purchase.php,538,0,262
1560681967085,553,Purchase ticket,200,OK,bzm - Arrivals Thread Group - Limitation-ThreadStarter 1-48,text,true,,10550,295,41,41,http://blazedemo.com//purchase.php,550,0,268
1560681967203,561,Purchase ticket,200,OK,bzm - Arrivals Thread Group - Limitation-ThreadStarter 1-38,text,true,,10551,296,40,40,http://blazedemo.com//purchase.php,560,0,274
1560681968494,809,Purchase ticket,200,OK,bzm - Arrivals Thread Group - Limitation-ThreadStarter 1-51,text,true,,10545,290,39,39,http://blazedemo.com//purchase.php,808,0,487
1560681969429,590,Purchase ticket,200,OK,bzm - Arrivals Thread Group - Limitation-ThreadStarter 1-49,text,true,,10550,295,38,38,http://blazedemo.com//purchase.php,590,0,286
1560681970018,666,Purchase ticket,200,OK,bzm - Arrivals Thread Group - Limitation-ThreadStarter 1-54,text,true,,10551,296,37,37,http://blazedemo.com//purchase.php,666,0,378
1560681970018,699,Purchase ticket,200,OK,bzm - Arrivals Thread Group - Limitation-ThreadStarter 1-46,text,true,,10549,294,36,36,http://blazedemo.com//purchase.php,698,0,378
1560681970413,615,Purchase ticket,200,OK,bzm - Arrivals Thread Group - Limitation-ThreadStarter 1-53,text,true,,10545,290,35,35,http://blazedemo.com//purchase.php,614,0,273
1560681970552,556,Purchase ticket,200,OK,bzm - Arrivals Thread Group - Limitation-ThreadStarter 1-52,text,true,,10547,292,34,34,http://blazedemo.com//purchase.php,555,0,269
1560681971031,527,Purchase ticket,200,OK,bzm - Arrivals Thread Group - Limitation-ThreadStarter 1-56,text,true,,10547,292,33,33,http://blazedemo.com//purchase.php,527,0,249
1560681971510,589,Purchase ticket,200,OK,bzm - Arrivals Thread Group - Limitation-ThreadStarter 1-57,text,true,,10551,296,32,32,http://blazedemo.com//purchase.php,588,0,288
1560681972513,564,Purchase ticket,200,OK,bzm - Arrivals Thread Group - Limitation-ThreadStarter 1-59,text,true,,10546,291,31,31,http://blazedemo.com//purchase.php,559,0,273
1560681973033,551,Purchase ticket,200,OK,bzm - Arrivals Thread Group - Limitation-ThreadStarter 1-60,text,true,,10552,297,30,30,http://blazedemo.com//purchase.php,550,0,269
1560681972013,1684,Purchase ticket,200,OK,bzm - Arrivals Thread Group - Limitation-ThreadStarter 1-55,text,true,,10547,292,29,29,http://blazedemo.com//purchase.php,1684,0,290
1560681973534,561,Purchase ticket,200,OK,bzm - Arrivals Thread Group - Limitation-ThreadStarter 1-61,text,true,,10553,297,28,28,http://blazedemo.com//purchase.php,561,0,270
1560681974609,583,Purchase ticket,200,OK,bzm - Arrivals Thread Group - Limitation-ThreadStarter 1-63,text,true,,10550,295,27,27,http://blazedemo.com//purchase.php,583,0,275
1560681969674,5632,Purchase ticket,200,OK,bzm - Arrivals Thread Group - Limitation-ThreadStarter 1-50,text,true,,10549,294,26,26,http://blazedemo.com//purchase.php,5631,0,1290
1560681974014,1565,Purchase ticket,200,OK,bzm - Arrivals Thread Group - Limitation-ThreadStarter 1-62,text,true,,10551,296,25,25,http://blazedemo.com//purchase.php,1565,0,1273
1560681975054,579,Purchase ticket,200,OK,bzm - Arrivals Thread Group - Limitation-ThreadStarter 1-64,text,true,,10551,295,24,24,http://blazedemo.com//purchase.php,578,0,281
1560681975548,615,Purchase ticket,200,OK,bzm - Arrivals Thread Group - Limitation-ThreadStarter 1-65,text,true,,10552,297,23,23,http://blazedemo.com//purchase.php,614,0,307
1560681976512,728,Purchase ticket,200,OK,bzm - Arrivals Thread Group - Limitation-ThreadStarter 1-67,text,true,,10546,291,22,22,http://blazedemo.com//purchase.php,719,0,307
1560681976846,703,Purchase ticket,200,OK,bzm - Arrivals Thread Group - Limitation-ThreadStarter 1-58,text,true,,10547,292,21,21,http://blazedemo.com//purchase.php,702,0,394
1560681976993,615,Purchase ticket,200,OK,bzm - Arrivals Thread Group - Limitation-ThreadStarter 1-66,text,true,,10551,296,20,20,http://blazedemo.com//purchase.php,615,0,325
1560681978416,576,Purchase ticket,200,OK,bzm - Arrivals Thread Group - Limitation-ThreadStarter 1-69,text,true,,10544,289,19,19,http://blazedemo.com//purchase.php,575,0,275
1560681978037,1605,Purchase ticket,200,OK,bzm - Arrivals Thread Group - Limitation-ThreadStarter 1-70,text,true,,10552,297,18,18,http://blazedemo.com//purchase.php,1605,0,1305
1560681979226,543,Purchase ticket,200,OK,bzm - Arrivals Thread Group - Limitation-ThreadStarter 1-71,text,true,,10551,295,17,17,http://blazedemo.com//purchase.php,543,0,264
1560681979501,595,Purchase ticket,200,OK,bzm - Arrivals Thread Group - Limitation-ThreadStarter 1-68,text,true,,10551,296,16,16,http://blazedemo.com//purchase.php,595,0,283
1560681980030,592,Purchase ticket,200,OK,bzm - Arrivals Thread Group - Limitation-ThreadStarter 1-73,text,true,,10551,296,15,15,http://blazedemo.com//purchase.php,577,0,283
1560681980087,643,Purchase ticket,200,OK,bzm - Arrivals Thread Group - Limitation-ThreadStarter 1-72,text,true,,10545,290,14,14,http://blazedemo.com//purchase.php,642,0,313
1560681980993,542,Purchase ticket,200,OK,bzm - Arrivals Thread Group - Limitation-ThreadStarter 1-76,text,true,,10550,295,13,13,http://blazedemo.com//purchase.php,542,0,266
1560681980536,1042,Purchase ticket,200,OK,bzm - Arrivals Thread Group - Limitation-ThreadStarter 1-75,text,true,,10546,290,12,12,http://blazedemo.com//purchase.php,1042,0,743
1560681981504,579,Purchase ticket,200,OK,bzm - Arrivals Thread Group - Limitation-ThreadStarter 1-77,text,true,,10546,291,11,11,http://blazedemo.com//purchase.php,579,0,272
1560681982026,569,Purchase ticket,200,OK,bzm - Arrivals Thread Group - Limitation-ThreadStarter 1-74,text,true,,10546,290,10,10,http://blazedemo.com//purchase.php,569,0,279
1560681982554,596,Purchase ticket,200,OK,bzm - Arrivals Thread Group - Limitation-ThreadStarter 1-79,text,true,,10551,296,9,9,http://blazedemo.com//purchase.php,591,0,288
1560681982998,567,Purchase ticket,200,OK,bzm - Arrivals Thread Group - Limitation-ThreadStarter 1-80,text,true,,10552,296,8,8,http://blazedemo.com//purchase.php,567,0,282
1560681983534,618,Purchase ticket,200,OK,bzm - Arrivals Thread Group - Limitation-ThreadStarter 1-78,text,true,,10549,294,7,7,http://blazedemo.com//purchase.php,617,0,308
1560681984070,571,Purchase ticket,200,OK,bzm - Arrivals Thread Group - Limitation-ThreadStarter 1-81,text,true,,10552,296,6,6,http://blazedemo.com//purchase.php,571,0,279
1560681985042,586,Purchase ticket,200,OK,bzm - Arrivals Thread Group - Limitation-ThreadStarter 1-84,text,true,,10544,289,5,5,http://blazedemo.com//purchase.php,585,0,296
1560681985529,596,Purchase ticket,200,OK,bzm - Arrivals Thread Group - Limitation-ThreadStarter 1-85,text,true,,10551,296,4,4,http://blazedemo.com//purchase.php,557,0,275
1560681985563,591,Purchase ticket,200,OK,bzm - Arrivals Thread Group - Limitation-ThreadStarter 1-83,text,true,,10547,292,3,3,http://blazedemo.com//purchase.php,591,0,299
1560681986021,586,Purchase ticket,200,OK,bzm - Arrivals Thread Group - Limitation-ThreadStarter 1-86,text,true,,10545,290,2,2,http://blazedemo.com//purchase.php,586,0,286
1560681986575,1285,Purchase ticket,200,OK,bzm - Arrivals Thread Group - Limitation-ThreadStarter 1-87,text,true,,10545,290,1,1,http://blazedemo.com//purchase.php,1285,0,736
